content,url
,https://www.ssga.com/us/en/intermediary/ic/insights?g=strategies:active-quantitative-equity-aqe
,https://www.ssga.com/us/en/intermediary/ic/insights?g=publications:weekly-economic-perspectives
,https://www.ssga.com/us/en/intermediary/ic/insights?g=strategies:multi-asset-solutions
,https://www.ssga.com/us/en/intermediary/ic/insights?g=strategies:fundamental-growth-and-core-equity
,https://www.ssga.com/us/en/intermediary/ic/insights?g=markets:fixed-income
,https://www.ssga.com/us/en/intermediary/ic/insights?g=strategies:alternative-investments
,https://www.ssga.com/us/en/intermediary/ic/insights?g=markets:fixed-income
,https://www.ssga.com/us/en/intermediary/ic/insights?g=publications:weekly-economic-perspectives
,https://www.ssga.com/us/en/intermediary/ic/insights?g=publications:weekly-economic-perspectives
,https://www.ssga.com/us/en/intermediary/ic/insights?g=strategies:multi-asset-solutions
,https://www.ssga.com/us/en/intermediary/ic/insights?g=publications:weekly-economic-perspectives
,https://www.ssga.com/us/en/intermediary/ic/insights?g=markets:monetary-policy-macroeconomics
,https://www.ssga.com/us/en/intermediary/ic/insights?g=strategies:multi-asset-solutions
,https://www.ssga.com/us/en/intermediary/ic/insights?g=strategies:multi-asset-solutions
,https://www.ssga.com/us/en/intermediary/ic/insights?g=markets:market-outlooks
,https://www.ssga.com/us/en/intermediary/ic/insights?g=publications:weekly-economic-perspectives
,https://www.ssga.com/us/en/intermediary/ic/insights?g=investing:currency-cash
,https://www.ssga.com/us/en/intermediary/ic/insights?g=investing:currency-cash
,https://www.ssga.com/us/en/intermediary/ic/insights?g=strategies:environmental-social-governance-esg
,https://www.ssga.com/us/en/intermediary/ic/insights?g=strategies:environmental-social-governance-esg
,https://www.ssga.com/us/en/intermediary/ic/insights?g=publications:weekly-economic-perspectives
,https://www.ssga.com/us/en/intermediary/ic/insights?g=markets:fixed-income
,https://www.ssga.com/us/en/intermediary/ic/insights?g=markets:monetary-policy-macroeconomics
,https://www.ssga.com/us/en/intermediary/ic/insights?g=strategies:multi-asset-solutions
,https://www.ssga.com/us/en/intermediary/ic/insights?g=markets:fixed-income
,https://www.ssga.com/us/en/intermediary/ic/insights?g=strategies:multi-asset-solutions
,https://www.ssga.com/us/en/intermediary/ic/insights?g=strategies:environmental-social-governance-esg
,https://www.ssga.com/us/en/intermediary/ic/insights?g=strategies:multi-asset-solutions
,https://www.ssga.com/us/en/intermediary/ic/insights?g=strategies:fundamental-growth-and-core-equity
,https://www.ssga.com/us/en/intermediary/ic/insights?g=markets:fixed-income
,https://www.ssga.com/us/en/intermediary/ic/insights?g=in-the-news
,https://www.ssga.com/us/en/intermediary/ic/insights?g=strategies:active-quantitative-equity-aqe
,https://www.ssga.com/us/en/intermediary/ic/insights?g=strategies:fundamental-growth-and-core-equity
,https://www.ssga.com/us/en/intermediary/ic/insights?g=in-the-news:market-updates
,https://www.ssga.com/us/en/intermediary/ic/insights?g=strategies:outsourced-cio
,https://www.ssga.com/us/en/intermediary/ic/insights?g=strategies:environmental-social-governance-esg
,https://www.ssga.com/us/en/intermediary/ic/insights?g=investing:asset-stewardship
,https://www.ssga.com/us/en/intermediary/ic/insights?g=strategies:defined-contribution
,https://www.ssga.com/us/en/intermediary/ic/insights?g=strategies:fundamental-growth-and-core-equity
,https://www.ssga.com/us/en/intermediary/ic/insights?g=in-the-news:market-updates
,https://www.ssga.com/us/en/intermediary/ic/insights?g=strategies:defined-benefit
,https://www.ssga.com/us/en/intermediary/ic/insights?g=strategies:multi-asset-solutions
,https://www.ssga.com/us/en/intermediary/ic/insights?g=markets:fixed-income
,https://www.ssga.com/us/en/intermediary/ic/insights?g=strategies:multi-asset-solutions
,https://www.ssga.com/us/en/intermediary/ic/insights?g=strategies:defined-contribution
,https://www.ssga.com/us/en/intermediary/ic/insights?g=markets:fixed-income
,https://www.ssga.com/us/en/intermediary/ic/insights?g=in-the-news:market-updates
,https://www.ssga.com/us/en/intermediary/ic/insights?g=markets:market-outlooks
,https://www.ssga.com/us/en/intermediary/ic/insights?g=strategies:defined-contribution
,https://www.ssga.com/us/en/intermediary/ic/insights?g=markets:monetary-policy-macroeconomics
,https://www.ssga.com/us/en/intermediary/ic/insights?g=investing:asset-allocation
,https://www.ssga.com/us/en/intermediary/ic/insights?g=strategies:active-quantitative-equity-aqe
,https://www.ssga.com/us/en/intermediary/ic/insights?g=markets:fixed-income
,https://www.ssga.com/us/en/intermediary/ic/insights?g=investing:currency-cash
,https://www.ssga.com/us/en/intermediary/ic/insights?g=in-the-news:market-updates
,https://www.ssga.com/us/en/intermediary/ic/insights?g=strategies:defined-contribution
,https://www.ssga.com/us/en/intermediary/ic/insights?g=strategies:defined-contribution
,https://www.ssga.com/us/en/intermediary/ic/insights?g=markets:fixed-income
,https://www.ssga.com/us/en/intermediary/ic/insights?g=in-the-news:market-updates
,https://www.ssga.com/us/en/intermediary/ic/insights?g=markets:fixed-income
,https://www.ssga.com/us/en/intermediary/ic/insights?g=strategies:fundamental-growth-and-core-equity
,https://www.ssga.com/us/en/intermediary/ic/insights?g=markets:fixed-income
,https://www.ssga.com/us/en/intermediary/ic/insights?g=markets:fixed-income
,https://www.ssga.com/us/en/intermediary/ic/insights?g=investing:asset-stewardship
,https://www.ssga.com/us/en/intermediary/ic/insights?g=in-the-news:market-updates
,https://www.ssga.com/us/en/intermediary/ic/insights?g=markets:market-outlooks
,https://www.ssga.com/us/en/intermediary/ic/insights?g=strategies:environmental-social-governance-esg
,https://www.ssga.com/us/en/intermediary/ic/insights?g=strategies:smart-beta
,https://www.ssga.com/us/en/intermediary/ic/insights?g=strategies:defined-contribution
,https://www.ssga.com/us/en/intermediary/ic/insights?g=strategies:defined-contribution
,https://www.ssga.com/us/en/intermediary/ic/insights?g=strategies:multi-asset-solutions
,https://www.ssga.com/us/en/intermediary/ic/insights?g=markets:equities
,https://www.ssga.com/us/en/intermediary/ic/insights?g=strategies:active-quantitative-equity-aqe
,https://www.ssga.com/us/en/intermediary/ic/insights?g=markets:fixed-income
,https://www.ssga.com/us/en/intermediary/ic/insights?g=investing:currency-cash
,https://www.ssga.com/us/en/intermediary/ic/insights?g=in-the-news:market-updates
,https://www.ssga.com/us/en/intermediary/ic/insights?g=strategies:index-investing
,https://www.ssga.com/us/en/intermediary/ic/insights?g=strategies:fundamental-growth-and-core-equity
,https://www.ssga.com/us/en/intermediary/ic/insights?g=in-the-news:market-updates
,https://www.ssga.com/us/en/intermediary/ic/insights?g=in-the-news:market-updates
,https://www.ssga.com/us/en/intermediary/ic/insights?g=publications:global-market-outlook
,https://www.ssga.com/us/en/intermediary/ic/insights?g=markets:fixed-income
,https://www.ssga.com/us/en/intermediary/ic/insights?g=markets:fixed-income
,https://www.ssga.com/us/en/intermediary/ic/insights?g=strategies:environmental-social-governance-esg
,https://www.ssga.com/us/en/intermediary/ic/insights?g=strategies:multi-asset-solutions
,https://www.ssga.com/us/en/intermediary/ic/insights?g=investing:asset-stewardship
,https://www.ssga.com/us/en/intermediary/ic/insights?g=markets:market-outlooks
,https://www.ssga.com/us/en/intermediary/ic/insights?g=investing:asset-stewardship
,https://www.ssga.com/us/en/intermediary/ic/insights?g=in-the-news:market-updates
,https://www.ssga.com/us/en/intermediary/ic/insights?g=publications:the-participant
,https://www.ssga.com/us/en/intermediary/ic/insights?g=strategies:active-quantitative-equity-aqe
,https://www.ssga.com/us/en/intermediary/ic/insights?g=markets:fixed-income
,https://www.ssga.com/us/en/intermediary/ic/insights?g=strategies:multi-asset-solutions
,https://www.ssga.com/us/en/intermediary/ic/insights?g=in-the-news:market-updates
,https://www.ssga.com/us/en/intermediary/ic/insights?g=strategies:defined-contribution
,https://www.ssga.com/us/en/intermediary/ic/insights?g=in-the-news:market-updates
,https://www.ssga.com/us/en/intermediary/ic/insights?g=strategies:defined-contribution
,https://www.ssga.com/us/en/intermediary/ic/insights?g=investing:currency-cash
,https://www.ssga.com/us/en/intermediary/ic/insights?g=markets:fixed-income
,https://www.ssga.com/us/en/intermediary/ic/insights?g=strategies:environmental-social-governance-esg
,https://www.ssga.com/us/en/intermediary/ic/insights?g=markets:geopolitics-policy
,https://www.ssga.com/us/en/intermediary/ic/insights?g=strategies:environmental-social-governance-esg
,https://www.ssga.com/us/en/intermediary/ic/insights?g=investing:asset-stewardship
,https://www.ssga.com/us/en/intermediary/ic/insights?g=strategies:environmental-social-governance-esg
,https://www.ssga.com/us/en/intermediary/ic/insights?g=investing:asset-stewardship
,https://www.ssga.com/us/en/intermediary/ic/insights?g=strategies:multi-asset-solutions
,https://www.ssga.com/us/en/intermediary/ic/insights?g=strategies:multi-asset-solutions
,https://www.ssga.com/us/en/intermediary/ic/insights?g=investing:asset-stewardship
,https://www.ssga.com/us/en/intermediary/ic/insights?g=in-the-news:market-updates
,https://www.ssga.com/us/en/intermediary/ic/insights?g=markets:fixed-income
,https://www.ssga.com/us/en/intermediary/ic/insights?g=markets:market-outlooks
,https://www.ssga.com/us/en/intermediary/ic/insights?g=markets:fixed-income
,https://www.ssga.com/us/en/intermediary/ic/insights?g=strategies:index-investing
,https://www.ssga.com/us/en/intermediary/ic/insights?g=markets:fixed-income
,https://www.ssga.com/us/en/intermediary/ic/insights?g=markets:geopolitics-policy
,https://www.ssga.com/us/en/intermediary/ic/insights?g=in-the-news:market-updates
,https://www.ssga.com/us/en/intermediary/ic/insights?g=strategies:defined-contribution
,https://www.ssga.com/us/en/intermediary/ic/insights?g=strategies:defined-contribution
,https://www.ssga.com/us/en/intermediary/ic/insights?g=investing:currency-cash
,https://www.ssga.com/us/en/intermediary/ic/insights?g=strategies:multi-asset-solutions
,https://www.ssga.com/us/en/intermediary/ic/insights?g=in-the-news:market-updates
,https://www.ssga.com/us/en/intermediary/ic/insights?g=strategies:multi-asset-solutions
,https://www.ssga.com/us/en/intermediary/ic/insights/5-tips-for-effective-retirement-income-communications
,https://www.ssga.com/us/en/intermediary/ic/insights?g=markets:geopolitics-policy
,https://www.ssga.com/us/en/intermediary/ic/insights?g=strategies:active-quantitative-equity-aqe
,https://www.ssga.com/us/en/intermediary/ic/insights?g=in-the-news:market-updates
,https://www.ssga.com/us/en/intermediary/ic/insights?g=markets:geopolitics-policy
,https://www.ssga.com/us/en/intermediary/ic/insights?g=markets:fixed-income
,https://www.ssga.com/us/en/intermediary/ic/insights?g=markets:fixed-income
,https://www.ssga.com/us/en/intermediary/ic/insights?g=markets:geopolitics-policy
,https://www.ssga.com/us/en/intermediary/ic/insights?g=in-the-news:market-updates
,https://www.ssga.com/us/en/intermediary/ic/insights?g=investing:asset-stewardship
,https://www.ssga.com/us/en/intermediary/ic/insights?g=markets:geopolitics-policy
,https://www.ssga.com/us/en/intermediary/ic/insights?g=markets:geopolitics-policy
,https://www.ssga.com/us/en/intermediary/ic/insights?g=markets:geopolitics-policy
,https://www.ssga.com/us/en/intermediary/ic/insights?g=strategies:index-investing
,https://www.ssga.com/us/en/intermediary/ic/insights?g=markets:geopolitics-policy
,https://www.ssga.com/us/en/intermediary/ic/insights?g=markets:geopolitics-policy
,https://www.ssga.com/us/en/intermediary/ic/insights?g=in-the-news:market-updates
,https://www.ssga.com/us/en/intermediary/ic/insights?g=strategies:index-investing
,https://www.ssga.com/us/en/intermediary/ic/insights?g=strategies:environmental-social-governance-esg
,https://www.ssga.com/us/en/intermediary/ic/insights?g=strategies:environmental-social-governance-esg
,https://www.ssga.com/us/en/intermediary/ic/insights?g=investing:asset-allocation
,https://www.ssga.com/us/en/intermediary/ic/insights?g=in-the-news:market-updates
,https://www.ssga.com/us/en/intermediary/ic/insights?g=investing:currency-cash
,https://www.ssga.com/us/en/intermediary/ic/insights?g=strategies:multi-asset-solutions
,https://www.ssga.com/us/en/intermediary/ic/insights?g=strategies:fundamental-growth-and-core-equity
,https://www.ssga.com/us/en/intermediary/ic/insights?g=in-the-news:market-updates
,https://www.ssga.com/us/en/intermediary/ic/insights?g=in-the-news:market-updates
,https://www.ssga.com/us/en/intermediary/ic/insights?g=markets:market-outlooks
,https://www.ssga.com/us/en/intermediary/ic/insights?g=markets:geopolitics-policy
,https://www.ssga.com/us/en/intermediary/ic/insights?g=investing:emerging-market-debt
,https://www.ssga.com/us/en/intermediary/ic/insights?g=investing:asset-stewardship
,https://www.ssga.com/us/en/intermediary/ic/insights?g=investing:asset-stewardship
,https://www.ssga.com/us/en/intermediary/ic/insights?g=markets:monetary-policy-macroeconomics
,https://www.ssga.com/us/en/intermediary/ic/insights?g=in-the-news:market-updates
,https://www.ssga.com/us/en/intermediary/ic/insights?g=strategies:environmental-social-governance-esg
,https://www.ssga.com/us/en/intermediary/ic/insights?g=investing:currency-cash
,https://www.ssga.com/us/en/intermediary/ic/insights?g=markets:market-outlooks
,https://www.ssga.com/us/en/intermediary/ic/insights?g=in-the-news:market-updates
,https://www.ssga.com/us/en/intermediary/ic/insights?g=investing:cash
,https://www.ssga.com/us/en/intermediary/ic/insights?g=strategies:environmental-social-governance-esg
,https://www.ssga.com/us/en/intermediary/ic/insights?g=investing:cash
,https://www.ssga.com/us/en/intermediary/ic/insights?g=investing:cash
,https://www.ssga.com/us/en/intermediary/ic/insights?g=strategies:multi-asset-solutions
,https://www.ssga.com/us/en/intermediary/ic/insights/global-cash-outlook
,https://www.ssga.com/us/en/intermediary/ic/insights?g=strategies:multi-asset-solutions
,https://www.ssga.com/us/en/intermediary/ic/insights?g=strategies:active-quantitative-equity-aqe
,https://www.ssga.com/us/en/intermediary/ic/insights?g=in-the-news:market-updates
,https://www.ssga.com/us/en/intermediary/ic/insights?g=markets:fixed-income
,https://www.ssga.com/us/en/intermediary/ic/insights?g=investing:asset-stewardship
,https://www.ssga.com/us/en/intermediary/ic/insights?g=investing:asset-stewardship
,https://www.ssga.com/us/en/intermediary/ic/insights?g=investing:asset-stewardship
,https://www.ssga.com/us/en/intermediary/ic/insights?g=investing:asset-stewardship
,https://www.ssga.com/us/en/intermediary/ic/insights?g=investing:asset-stewardship
,https://www.ssga.com/us/en/intermediary/ic/insights?g=investing:emerging-market-debt
,https://www.ssga.com/us/en/intermediary/ic/insights?g=strategies:fundamental-growth-and-core-equity
,https://www.ssga.com/us/en/intermediary/ic/insights?g=investing:currency-cash
,https://www.ssga.com/us/en/intermediary/ic/insights?g=in-the-news:market-updates
,https://www.ssga.com/us/en/intermediary/ic/insights?g=markets:monetary-policy-macroeconomics
,https://www.ssga.com/us/en/intermediary/ic/insights?g=strategies:multi-asset-solutions
,https://www.ssga.com/us/en/intermediary/ic/insights?g=markets:market-outlooks
,https://www.ssga.com/us/en/intermediary/ic/insights?g=in-the-news:market-updates
,https://www.ssga.com/us/en/intermediary/ic/insights?g=strategies:active-quantitative-equity-aqe
,https://www.ssga.com/us/en/intermediary/ic/insights?g=strategies:defined-contribution
,https://www.ssga.com/us/en/intermediary/ic/insights?g=in-the-news:market-updates
,https://www.ssga.com/us/en/intermediary/ic/insights?g=investing:emerging-market-debt
,https://www.ssga.com/us/en/intermediary/ic/insights?g=markets:market-outlooks
,https://www.ssga.com/us/en/intermediary/ic/insights?g=publications:global-market-outlook
,https://www.ssga.com/us/en/intermediary/ic/insights?g=publications:global-market-outlook
,https://www.ssga.com/us/en/intermediary/ic/insights?g=publications:global-market-outlook
,https://www.ssga.com/us/en/intermediary/ic/insights?g=publications:global-market-outlook
,https://www.ssga.com/us/en/intermediary/ic/insights?g=publications:global-market-outlook
,https://www.ssga.com/us/en/intermediary/ic/insights?g=strategies:multi-asset-solutions
,https://www.ssga.com/us/en/intermediary/ic/insights?g=publications:global-market-outlook
,https://www.ssga.com/us/en/intermediary/ic/insights?g=in-the-news:market-updates
,https://www.ssga.com/us/en/intermediary/ic/insights?g=markets:equities
,https://www.ssga.com/us/en/intermediary/ic/insights?g=investing:currency-cash
,https://www.ssga.com/us/en/intermediary/ic/insights?g=strategies:environmental-social-governance-esg
,https://www.ssga.com/us/en/intermediary/ic/insights?g=in-the-news:market-updates
,https://www.ssga.com/us/en/intermediary/ic/insights?g=strategies:multi-asset-solutions
,https://www.ssga.com/us/en/intermediary/ic/insights?g=in-the-news:europe
,https://www.ssga.com/us/en/intermediary/ic/insights?g=publications:global-market-outlook
,https://www.ssga.com/us/en/intermediary/ic/insights?g=strategies:environmental-social-governance-esg
,https://www.ssga.com/us/en/intermediary/ic/insights?g=markets:emerging-markets
,https://www.ssga.com/us/en/intermediary/ic/insights?g=strategies:multi-asset-solutions
,https://www.ssga.com/us/en/intermediary/ic/insights?g=markets:fixed-income
,https://www.ssga.com/us/en/intermediary/ic/insights?g=in-the-news:market-updates
,https://www.ssga.com/us/en/intermediary/ic/insights?g=in-the-news:china
,https://www.ssga.com/us/en/intermediary/ic/insights?g=markets:equities
,https://www.ssga.com/us/en/intermediary/ic/insights?g=markets:fixed-income
,https://www.ssga.com/us/en/intermediary/ic/insights?g=markets:market-outlooks
,https://www.ssga.com/us/en/intermediary/ic/insights?g=investing:asset-allocation
,https://www.ssga.com/us/en/intermediary/ic/insights?g=markets:market-outlooks
,https://www.ssga.com/us/en/intermediary/ic/insights?g=markets:fixed-income
,https://www.ssga.com/us/en/intermediary/ic/insights?g=strategies:environmental-social-governance-esg
,https://www.ssga.com/us/en/intermediary/ic/insights?g=markets:market-outlooks
,https://www.ssga.com/us/en/intermediary/ic/insights?g=markets:fixed-income
,https://www.ssga.com/us/en/intermediary/ic/insights?g=markets:fixed-income
,https://www.ssga.com/us/en/intermediary/ic/insights?g=strategies:environmental-social-governance-esg
,https://www.ssga.com/us/en/intermediary/ic/insights?g=investing:currency-cash
,https://www.ssga.com/us/en/intermediary/ic/insights?g=strategies:environmental-social-governance-esg
,https://www.ssga.com/us/en/intermediary/ic/insights?g=strategies:multi-asset-solutions
,https://www.ssga.com/us/en/intermediary/ic/insights?g=markets:market-outlooks
,https://www.ssga.com/us/en/intermediary/ic/insights?g=markets:market-outlooks
,https://www.ssga.com/us/en/intermediary/ic/insights?g=strategies:active-quantitative-equity-aqe
,https://www.ssga.com/us/en/intermediary/ic/insights?g=strategies:defined-contribution
,https://www.ssga.com/us/en/intermediary/ic/insights?g=investing:emerging-market-debt
,https://www.ssga.com/us/en/intermediary/ic/insights?g=strategies:environmental-social-governance-esg
,https://www.ssga.com/us/en/intermediary/ic/insights?g=in-the-news:market-updates
,https://www.ssga.com/us/en/intermediary/ic/insights?g=in-the-news:market-updates
,https://www.ssga.com/us/en/intermediary/ic/insights?g=markets:fixed-income
,https://www.ssga.com/us/en/intermediary/ic/insights?g=strategies:defined-benefit
,https://www.ssga.com/us/en/intermediary/ic/insights?g=in-the-news:market-updates
,https://www.ssga.com/us/en/intermediary/ic/insights?g=markets:emerging-markets
,https://www.ssga.com/us/en/intermediary/ic/insights?g=markets:fixed-income
,https://www.ssga.com/us/en/intermediary/ic/insights?g=investing:asset-stewardship
,https://www.ssga.com/us/en/intermediary/ic/insights?g=strategies:multi-asset-solutions
,https://www.ssga.com/us/en/intermediary/ic/insights?g=strategies:multi-asset-solutions
,https://www.ssga.com/us/en/intermediary/ic/insights?g=strategies:defined-contribution
,https://www.ssga.com/us/en/intermediary/ic/insights?g=strategies:defined-contribution
,https://www.ssga.com/us/en/intermediary/ic/insights?g=strategies:environmental-social-governance-esg
,https://www.ssga.com/us/en/intermediary/ic/insights?g=strategies:fundamental-growth-and-core-equity
,https://www.ssga.com/us/en/intermediary/ic/insights?g=in-the-news:market-updates
,https://www.ssga.com/us/en/intermediary/ic/insights?g=investing:currency-cash
,https://www.ssga.com/us/en/intermediary/ic/insights/state-street-quarterly-db-insights-what-the-feds-recent-commentary-means-for-defined-benefit-plans
,https://www.ssga.com/us/en/intermediary/ic/insights?g=investing:asset-stewardship
,https://www.ssga.com/us/en/intermediary/ic/insights?g=strategies:active-quantitative-equity-aqe
,https://www.ssga.com/us/en/intermediary/ic/insights?g=markets:geopolitics-policy
,https://www.ssga.com/us/en/intermediary/ic/insights?g=in-the-news:market-updates
,https://www.ssga.com/us/en/intermediary/ic/insights?g=strategies:active-quantitative-equity-aqe
,https://www.ssga.com/us/en/intermediary/ic/insights?g=strategies:multi-asset-solutions
,https://www.ssga.com/us/en/intermediary/ic/insights?g=markets:market-outlooks
,https://www.ssga.com/us/en/intermediary/ic/insights/de-risking-effectively-using-fixed-income-building-blocks
,https://www.ssga.com/us/en/intermediary/ic/insights?g=strategies:environmental-social-governance-esg
,https://www.ssga.com/us/en/intermediary/ic/insights?g=strategies:environmental-social-governance-esg
,https://www.ssga.com/us/en/intermediary/ic/insights?g=strategies:active-quantitative-equity-aqe
,https://www.ssga.com/us/en/intermediary/ic/insights?g=strategies:environmental-social-governance-esg
,https://www.ssga.com/us/en/intermediary/ic/insights?g=investing:emerging-market-debt
,https://www.ssga.com/us/en/intermediary/ic/insights?g=strategies:environmental-social-governance-esg
,https://www.ssga.com/us/en/intermediary/ic/insights?g=markets:geopolitics-policy
,https://www.ssga.com/us/en/intermediary/ic/insights?g=in-the-news:market-updates
,https://www.ssga.com/us/en/intermediary/ic/insights?g=in-the-news:market-updates
,https://www.ssga.com/us/en/intermediary/ic/insights?g=markets:geopolitics-policy
,https://www.ssga.com/us/en/intermediary/ic/insights?g=in-the-news:market-updates
,https://www.ssga.com/us/en/intermediary/ic/insights/stand-united-or-divide-and-conquer
,https://www.ssga.com/us/en/intermediary/ic/insights?g=markets:geopolitics-policy
,https://www.ssga.com/us/en/intermediary/ic/insights?g=strategies:defined-contribution
,https://www.ssga.com/us/en/intermediary/ic/insights?g=in-the-news:europe
,https://www.ssga.com/us/en/intermediary/ic/insights?g=markets:fixed-income
,https://www.ssga.com/us/en/intermediary/ic/insights?g=investing:currency-cash
,https://www.ssga.com/us/en/intermediary/ic/insights?g=strategies:multi-asset-solutions
,https://www.ssga.com/us/en/intermediary/ic/insights/dispelling-the-myth-that-all-index-based-target-date-funds-are-the-same
,https://www.ssga.com/us/en/intermediary/ic/insights?g=strategies:defined-benefit
,https://www.ssga.com/us/en/intermediary/ic/insights/the-world-is-flat
