title,date,link,abstract
Portfolio perspectives: Positioning for a regime of higher volatility,"Aug 19, 2022 | By BlackRock Investment Institute",https://www.blackrock.com/institutions/en-us/insights/portfolio-design/positioning-for-higher-macro-and-market-of-volatility,Our updated CMAs and strategic views are positioned for a new regime of greater macroeconomic and market volatility.
"Portfolio perspectives: Still stocks over bonds, but the gap narrows","May 30, 2022 | By BlackRock Investment Institute",https://www.blackrock.com/institutions/en-us/insights/portfolio-design/still-stocks-over-bonds-for-the-long-term,2022 has seen big market moves. We stick to our strategic views preferring stocks over nominal government bonds. Read why in our latest Portfolio perspectives.
Navigating the new market regime,"Mar 28, 2022 | By BlackRock Investment Institute",https://www.blackrock.com/institutions/en-us/insights/blackrock-investment-institute/global-investment-outlook,"Much has changed since our Q1 2022 outlook - a war, energy shock and the Federal Reserve’s pivot on monetary policy. We stay underweight bonds, even as yields have sprinted upward, and overweight equities. Read more in our Q2 2022 Global Outlook."
Russia invades Ukraine,"Mar 10, 2022 | By BlackRock Investment Institute",https://www.blackrock.com/institutions/en-us/insights/blackrock-investment-institute/russia-ukraine-invasion-2022,We see Russia’s invasion of Ukraine as the start of protracted tensions between Russia and the West. What are the investment implications? Read our insights.
Portfolio perspectives: Confusion yields opportunity,"Feb 23, 2022 | By BlackRock Investment Institute",https://www.blackrock.com/institutions/en-us/insights/portfolio-design/confusion-yields-opportunity,"Amid the market confusion so far this year, we see an opportunity to add to our overweight to developed market equities on a strategic horizon. Read why."
Portfolio perspectives: What could go wrong?,"Nov 30, 2021 | By BlackRock Investment Institute",https://www.blackrock.com/institutions/en-us/insights/portfolio-design/what-could-go-wrong,We assess how different the path of interest rates and the outlook on China would need to be to challenge our asset views
How to finance the net-zero transition in emerging markets,"Oct 29, 2021 | By BlackRock Investment Institute",https://www.blackrock.com/institutions/en-us/insights/blackrock-investment-institute/financing-the-net-zero-transition,"Countries have a stake in avoiding mounting climate risk, but emerging markets will play a key role in the net-zero transition. Dive deeper in this featured insight from the BlackRock Investment Institute."
Portfolio perspectives: Getting granular,"Aug 16, 2021 | By BlackRock Investment Institute",https://www.blackrock.com/institutions/en-us/insights/portfolio-design/getting-granular,"Our overweight on developed market equities is further bolstered by a more granular, sectoral approach. Learn more in the August 2021 Portfolio perspectives."
In depth: The new nominal: just getting started,"May 25, 2021 | By BlackRock Investment Institute",https://www.blackrock.com/institutions/en-us/insights/portfolio-design/strategic-investments-for-the-new-nominal,The interplay between monetary and fiscal policy has dominated the post-Covid macro environment. Read more on how it informs our strategic investment views.
In depth: The case for Chinese assets,"May 5, 2021 | By BlackRock Investment Institute",https://www.blackrock.com/institutions/en-us/insights/portfolio-design/investing-in-chinese-assets,"China’s economy and capital markets have rapidly grown to become the 2nd largest in the world, yet foreign investors own just 3% of its equities and bonds. Read more."
Launching climate-aware portfolios,"Feb 25, 2021 | By BlackRock Investment Institute",https://www.blackrock.com/institutions/en-us/insights/blackrock-investment-institute/investing-in-climate-awareness,"We believe climate risk is investment risk. That is why we are incorporating it into our portfolio design, as part of a series of actions BlackRock is taking to prepare for a net-zero world."
Turning risk into opportunity,"Feb 23, 2021 | By BlackRock Investment Institute",https://www.blackrock.com/institutions/en-us/insights/portfolio-design/turning-climate-risk-into-opportunity,Read our in-depth paper exploring how we incorporate climate change into our portfolio design - one step in a series of actions BlackRock is taking to prepare for a net-zero world.
A new investment order,"Feb 22, 2021 | By BlackRock Investment Institute",https://www.blackrock.com/institutions/en-us/insights/blackrock-investment-institute/global-investment-outlook,Explore our updated our asset views in light of market developments. The BlackRock Investment Institute also explores the fiscal debate.
Davos brief,"Jan 25, 2021 | By BlackRock Investment Institute",https://www.blackrock.com/institutions/en-us/insights/blackrock-investment-institute/davos-brief,"Our new Davos brief presents a snapshot of BII’s latest views on the macro outlook, geopolitics and markets – as global leaders debate the state of the world through the digital “Davos Dialogues.”"
U.S. election: Biden win,"Nov 7, 2020",https://www.blackrock.comhttps://www.blackrock.com/corporate/insights/blackrock-investment-institute/publications/us-election-2020,"In the wake of a contest between starkly different visions for America, the BlackRock Investment Institute explores the implications of the U.S. election."
Portfolio construction,,https://www.blackrock.com/institutions/en-us/insights/portfolio-design/research,Explore the portfolio construction research behind BlackRock's modern framework for strategic asset allocation and building resilient investor-specific portfolios.
Readying for resilience,"Aug 26, 2020",https://www.blackrock.com/institutions/en-us/insights/portfolio-design/preparing-for-real-resilience,Read about how we revamp our strategic asset preferences to position for market dislocations and the post-Covid 19 world.
Troubled waters,"Jul 21, 2020",https://www.blackrock.com/institutions/en-us/insights/blackrock-investment-institute/troubled-waters,What would the world look like with less water? We explore the often overlooked risk of water stress and its financial implications on portfolios. Take a look.
Webcast: Midyear investment outlook,"Jun 25, 2020",https://www.blackrock.comhttps://event.webcasts.com/starthere.jsp?ei=1333575&tp_key=e1ee857f21,Please join us for a video webcast with BII leadership and BlackRock senior investors as they discuss the 2020 midyear investment outlook.
Historic U.S. policy actions,"Mar 26, 2020",https://www.blackrock.comhttps://www.blackrock.com/corporate/insights/blackrock-investment-institute/publications/coronavirus-us-stimulus,The U.S. announced a historic policy stimulus package to help stymie the economic impact from the COVID-19 pandemic.
Sizable policy action takes shape,"Mar 23, 2020",https://www.blackrock.com/institutions/en-us/insights/blackrock-investment-institute/coronavirus-policy-action,We could return with limited permanent economic damage if authorities deliver a policy response to support through the shock.
Market plunge: This is not 2008,"Mar 9, 2020",https://www.blackrock.com/institutions/en-us/insights/blackrock-investment-institute/market-plunge,"Market moves have been reminiscent of the financial crisis, but the economy and financial system are on stronger footing."
Time for policy to go direct,"Mar 9, 2020",https://www.blackrock.com/institutions/en-us/insights/blackrock-investment-institute/coronavirus-policy-response,A coordinated policy response to the coronavirus shock is needed to avoid persistent economic damage.
Sustainability: The tectonic shift transforming investing,"Feb 27, 2020",https://www.blackrock.com/institutions/en-us/insights/blackrock-investment-institute/sustainability-in-portfolio-construction,A commonly held view is that a return sacrifice is needed when adopting sustainable investing. We disagree – and in fact believe the opposite is true.
Coronavirus warrants caution,"Feb 26, 2020",https://www.blackrock.com/institutions/en-us/insights/blackrock-investment-institute/coronavirus-impact-on-markets,We are reducing our overweight equity and credit exposures due to coronavirus outbreaks but maintain benchmark holdings.
How will geopolitics impact markets in 2020?,"Jan 30, 2020",https://www.blackrock.com/institutions/en-us/insights/webcasts/how-will-geopolitics-impact-markets,BlackRock experts discuss the primary risks we see facing investors.
Davos brief,"Jan 17, 2020",https://www.blackrock.com/institutions/en-us/insights/blackrock-investment-institute/davos-brief,"The global economic expansion is stretching, but powerful structural trends are testing limits — and intersecting with the near-term outlook."
Sustainability: The bond that endures,"Nov 20, 2019",https://www.blackrock.com/institutions/en-us/insights/blackrock-investment-institute/esg-fixed-income,Evidence is building that a focus on sustainability can help investors build more resilient portfolios.
Emerging markets: investor allocation,"Aug 12, 2022 | By Amer Bisat, Karen Leiton",https://www.blackrock.com/institutions/en-us/insights/emerging-markets-investor-allocation,"Amer Bisat and Karen Leiton engage the issue of “what is the optimal emerging markets allocation,” using three critical lenses to provide insight on the topic."
Taking stock: Q3 2022 equity market outlook,"Jul 25, 2022 | By Tony DeSpirito",https://www.blackrock.com/institutions/en-us/insights/investment-actions/taking-stock-quarterly-outlook,What to do in equity portfolios at the midyear point? Fundamental Equities CIO Tony DeSpirito assesses the backdrop and identifies three favored sectors.
Seeking resilience: 2022 Midyear Credit Outlook,"Jul 19, 2022 | By BlackRock",https://www.blackrock.com/institutions/en-us/insights/financial-markets/global-midyear-credit-outlook,BlackRock’s 2022 Global Credit Midyear Outlook looks at issues impacting credit markets this year across public and private credit.
Fundamental Equities,"Jul 15, 2022 | By BlackRock",https://www.blackrock.com/institutions/en-us/education/equities/active-equities/fundamental-equities,BlackRock Fundamental Equities (FE) is a world-class active investing organization committed to applying our Expert Insight to power our portfolios.
2022 Midyear Global Outlook,"Jul 11, 2022 | By BlackRock",https://www.blackrock.com/institutions/en-us/insights/blackrock-investment-institute/global-investment-outlook,We are braving a new world of heightened macro and market volatility. How should clients position their portfolios? Read our midyear investment outlook.
Staying calm amid market volatility,"Jul 7, 2022 | By BlackRock",https://www.blackrock.com/institutions/en-us/insights/investment-actions/staying-calm-amid-market-volatility,Periods of volatility like we’ve seen recently aren’t easy to live through. We hope our checklist for long-term investors will help you weather the storm.
Prepping for a Financial Hurricane,"May 18, 2022 | By Rick Rieder",https://www.blackrock.com/institutions/en-us/insights/prepping-financial-hurricane,Rick Rieder examines the causes of today’s financial conditions and shares his outlook for the economy and how to position fixed income portfolios.
Advantages of Private Equity Coinvestments,"May 12, 2022 | By BlackRock",https://www.blackrock.com/institutions/en-us/insights/the-advantages-of-private-equity-co-investments,We lay out the potential benefits of co-investments along with the historical success and growth of the co-investment industry.
Constructing Optimized Private Equity Programs,"May 12, 2022 | By BlackRock",https://www.blackrock.com/institutions/en-us/insights/constructing-optimized-private-equity-programs,"We lay out differences between diversified private equity programs investing in primaries, secondaries and co-investments."
Sizing up inflation,"May 4, 2022 | By BlackRock",https://www.blackrock.com/institutions/en-us/insights/sizing-up-inflation,BlackRock’s inflation hub features our latest market insights and investment recommendations concerning post-pandemic inflationary trends. Explore more.
The inflation challenge of an aging world,"Apr 24, 2022",https://www.blackrock.com/institutions/en-us/insights/the-inflation-challenge-of-an-aging-world,"Many factors may be contributing to inflation, but one structural cause could be an aging population. BlackRock’s Global CIO of Multi-Asset Solutions examines the demographic drivers of inflation and ways to position portfolios."
An equity investor’s guide to inflation,"Apr 22, 2022 | By BlackRock",https://www.blackrock.com/institutions/en-us/insights/equity-investor-inflation-guide,"Inflation is likely to fall from peak levels but settle higher than recent memory. Tony DeSpirito looks at stock impacts across growth, value and sectors."
Rieder- Making Sense of Uncertainty in Markets,"Apr 14, 2022 | By Rick Rieder",https://www.blackrock.com/institutions/en-us/insights/making-sense-uncertainty-markets,"Every one of the ugliest, headline-grabbing “if, then” scenarios for the global economy and markets has reasonable odds of going the other way to create a rather benign outcome."
Commodities in demand,"Mar 31, 2022 | By Gargi Pal Chaudhuri",https://www.blackrock.com/institutions/en-us/insights/commodities-in-demand,Heightened geopolitical and inflationary pressures this year have put a spotlight on how investors use for a dual purpose: a potential hedge against inflation and adding portfolio diversification in a rising rate environment.
Infrastructure Investment & Jobs Act,"Mar 22, 2022 | By BlackRock",https://www.blackrock.com/institutions/en-us/insights/investment-actions/infrastructure-investment-and-jobs-act,"In this Real Assets viewpoint, explore key takeaways for investors from the Infrastructure Investment & Jobs Act, including where private capital can come in to complement public spending."
Navigating geopolitical uncertainty,"Mar 22, 2022 | By BlackRock",https://www.blackrock.com/institutions/en-us/insights/navigating-geopolitical-uncertainty,"Explore BlackRock’s geopolitical hub, featuring insights on the Ukraine crisis and its potential impact on global economies, markets, and investors."
A stagflationary shock,"Mar 18, 2022 | By Jeffrey Rosenberg, CFA",https://www.blackrock.com/institutions/en-us/insights/portfolio-design/systematic-fixed-income-outlook,The geopolitical crisis in Ukraine creates a stagflationary shock for global economies and fighting inflation just got more complex for global central banks. Read more in the spring 2022 Systematic Fixed Income Outlook.
Building for growth,"Mar 16, 2022 | By BlackRock",https://www.blackrock.com/institutions/en-us/insights/blackrock-future-forum/building-for-growth,"Senator Rob Portman, Dow CEO Jim Fitterling and BlackRock investors discuss infrastructure modernization’s impact on economic opportunities and portfolio implications. Explore the replays from our BlackRock Future Forum infrastructure special."
Accelerants of growth: Fiscal spend and policy Q&A with Rick Rieder,"Feb 11, 2022",https://www.blackrock.com/institutions/en-us/insights/accelerants-of-growth-digest,"What is the path for fiscal and monetary policy in 2022? Rick Rieder discusses his outlook and explains why demand for fixed income will continue to exceed expectations, holding yields in check even amid historically high inflation."
What lies ahead for fiscal spending and monetary policy?,"Feb 10, 2022 | By BlackRock",https://www.blackrock.com/institutions/en-us/insights/fiscal-spending-and-policy,"BlackRock’s fiscal spending and monetary policy hub features our latest insights on the impact of government fiscal spending and monetary policies on the macroeconomic landscape, markets, and specific asset classes."
Resilience and adaptation,"Dec 29, 2021 | By BlackRock",https://www.blackrock.com/institutions/en-us/insights/investment-actions/2022-private-markets-outlook,"As investors seek to navigate an unprecedented market regime, we see private market investments as well-suited to the task. Read more in the 2022 Private Markets Outlook."
U.S. investors should help fix our infrastructure,"Dec 17, 2021",https://www.blackrock.com/institutions/en-us/insights/investment-actions/us-investors-fix-infrastructure,"Zach Buchwald, head of USCA Institutional Business, gives his insight on the state of U.S. infrastructure and the opportunities that investors may have to help."
Taking stock: Q1 2022 equity market outlook,"Dec 15, 2021",https://www.blackrock.com/institutions/en-us/insights/investment-actions/taking-stock-quarterly-outlook,What might equity investors expect in 2022? Active stock picker Tony DeSpirito reviews the potential positives and impediments in his Q1 market outlook.
It’s not the 1970s again: A comparison of markets,"Nov 30, 2021",https://www.blackrock.com/institutions/en-us/insights/comparing-todays-markets-with-the-1970s,"Rick Rieder and team examine the parallels, or lack of them, between the economy, markets and policy of the 1970s and today."
How the Paris Agreement is shaping equity investing,"Nov 16, 2021 | By BlackRock",https://www.blackrock.com/institutions/en-us/insights/investment-actions/equity-investing-paris-agreement,The 2015 Paris Agreement sets a global standard for preventing climate change. Learn how it’s changing the way equity investors uncover alpha today.
A multi-asset approach to navigating net zero,"Oct 20, 2021 | By BlackRock",https://www.blackrock.com/institutions/en-us/insights/investment-actions/multi-asset-approach-net-zero,"In this featured insight, we focus on the practical implications of moving from climate pledges to practice for multi-asset investors by sharing our preferred framework."
There’s more than an underwater beach ball in today’s investment pool,"Sep 30, 2021",https://www.blackrock.com/institutions/en-us/insights/beach-ball-investment-pool,"In this insight, Rick Rieder and team examine the myriad investment opportunities that are available in an environment dominated by negative real interest rates."
Building inflation-resilient portfolios,"Sep 27, 2021 | By BlackRock",https://www.blackrock.com/institutions/en-us/insights/investment-actions/inflation-resilient-portfolios,"Today’s inflation and market environment calls for a thoughtful, whole portfolio approach to meeting client’s objectives. Diversification and dynamism may help, which we explore in our latest insight."
New developments in quantitative investing,"Sep 9, 2021 | By BlackRock",https://www.blackrock.com/institutions/en-us/insights/new-developments-in-quantitative-investing,Quantitative pioneers Ronald Kahn and Richard Grinold share their views on the evolution of quantitative investing and recent advances in portfolio management.
Inflation and real assets,"Aug 10, 2021 | By BlackRock",https://www.blackrock.com/institutions/en-us/insights/investment-actions/inflation-and-real-assets,Read why real assets may perform well in periods of higher inflation and which strategies real assets investors should deploy in a higher inflationary environment.
Higher inflation: turning threat into opportunity,"Aug 4, 2021 | By BlackRock",https://www.blackrock.com/institutions/en-us/literature/whitepaper/higher-inflation-threat-into-opportunity.pdf,"Due to a combination of strong demand as many economies restart post COVID lockdowns and widespread supply bottlenecks, inflation has been surging in many parts of the world. How can we prepare for inflationary outcomes in a whole portfolio context?"
Global Impact Annual Report,"Jul 21, 2021 | By BlackRock",https://www.blackrock.com/institutions/en-us/insights/investment-actions/global-impact-annual-report,Our report captures the reality of the challenges we face amid the ongoing global pandemic as well as the resilient responses that many impact enterprises offer as solutions. Explore more in BlackRock’s inaugural Global Impact Annual Report.
Q2 2021 OIG digest,"Jul 15, 2021 | By BlackRock",https://www.blackrock.com/institutions/en-us/literature/whitepaper/q2-2021-official-institutions-digest.pdf,"As we close out the first half of 2021, investors are becoming increasingly concerned over inflation and the delta variant, while sustainability remains top of mind for global official institutions. Read more about our outlook and key trends."
Is it too late to invest in healthcare and tech?,"Jun 30, 2021 | By BlackRock",https://www.blackrock.com/institutions/en-us/literature/whitepaper/healthcare-and-tech-investing.pdf,"Recent weeks have seen volatility in equity markets, and particularly bumpy performance for tech and healthcare. Is the run-up of these star sectors coming to a halt as the post-pandemic era sets in? We do not think so."
Addressing the US$23 trillion dragon in the room,"Jul 1, 2021 | By BlackRock",https://www.blackrock.com/institutions/en-us/insights/investment-actions/addressing-chinas-trillion-dollar-dragon,"In 2020, China’s onshore equity and bond markets combined to be over US$23 trillion in assets, but China remains a small fraction of most investor portfolios. We explore more in our Q&A."
Impact investing in public equities,"Jun 28, 2021 | By BlackRock",https://www.blackrock.com/institutions/en-us/insights/investment-actions/impact-investing-in-public-equities,Impact investing in public equities can help accomplish two objectives: generate financial outperformance and provide a differentiated source of alpha. Read more in our report.
The growing opportunity in China’s private markets,"Jun 25, 2021 | By BlackRock",https://www.blackrock.com/institutions/en-us/insights/investment-actions/growing-opportunity-in-chinas-private-markets,"In this blog, we explore the potential of private financing arrangements and why global investors are looking to put capital to work in Chinese markets."
Private equity: finding the informational advantage,"Jun 16, 2021 | By BlackRock",https://www.blackrock.com/institutions/en-us/insights/investment-actions/informational-advantage-in-private-equity,Using alternative data in private equity has the potential to revolutionize deal sourcing and improve the probability of investment success in private markets.
A dynamic restart,"Jun 21, 2021 | By BlackRock",https://www.blackrock.com/institutions/en-us/insights/financial-markets/global-midyear-credit-outlook,"We examine the state of play in global credit at midyear, tracking progress on our 2021 themes and re-underwriting their relevance going forward."
Opportunities for yield and income in China,"Jun 14, 2021 | By BlackRock",https://www.blackrock.com/institutions/en-us/insights/investment-actions/opportunities-for-yield-and-income-in-china,We explore what’s driving Chinese fixed income markets and how investors can benefit from higher yields and diversification across the credit and duration spectrum.
Expanding the real assets toolkit,"Jun 3, 2021 | By BlackRock",https://www.blackrock.com/institutions/en-us/insights/investment-actions/real-assets-toolkit,"Leveraging the full spectrum of real asset investments may be key to capitalizing on cyclical recovery opportunities. Learn more across three asset classes: infrastructure equity, infrastructure debt, and listed real assets."
Credit’s next chapter,"May 14, 2021 | By BlackRock",https://www.blackrock.com/institutions/en-us/insights/investment-actions/credits-next-chapter,"Amid easy financial conditions but rapid change, we see credit markets creating more options for companies seeking financing and for investors seeking yield."
A range of Covid trajectories in emerging markets,"Apr 16, 2021 | By BlackRock",https://www.blackrock.com/institutions/en-us/insights/investment-actions/covid-trajectories-in-emerging-markets,"The pandemic has hit each country in unique ways. Understanding the local and global investment implications takes deep, country-by-country analysis."
Invest with impact,"Apr 14, 2021 | By BlackRock",https://www.blackrock.com/institutions/en-us/insights/investment-actions/invest-with-impact,"Our paper supports impact investing in public equities by reference to additionality through the investor’s contribution, the investee, and the asset class."
Delivering outcomes by accessing ESG,"Apr 14, 2021",https://www.blackrock.com/institutions/en-us/insights/investment-actions/delivering-outcomes-by-accessing-esg,"We outline our belief that incorporating ESG insights can improve investment outcome. This can be done through our index, factor, and alpha framework."
Thematic investing in the time of Coronavirus,"Apr 13, 2021",https://www.blackrock.com/institutions/en-us/insights/investment-actions/thematic-investing-during-a-pandemic,The Coronavirus pandemic has ushered in countless changes in our daily lives. We see opportunities to capitalize on these changes through thematic investing.
The pandemic and the credit spectrum,"Mar 31, 2021 | By BlackRock",https://www.blackrock.com/institutions/en-us/insights/investment-actions/pandemic-and-credit-spectrum,"Credit markets are strong. But behind the headlines, a more complex story is unfolding as long-running trends intersect with Covid’s economic consequences."
Optimizing private market portfolios,"Mar 25, 2021",https://www.blackrock.comhttps://event.webcasts.com/starthere.jsp?ei=1440380&tp_key=6c495b1048,"Today’s larger, more diverse private-asset allocations call for quantitative portfolio construction techniques. In this webcast, BlackRock senior investors and researchers will discuss a new framework for optimizing private markets portfolios."
Private market opportunities in China,"Mar 10, 2021",https://www.blackrock.comhttps://event.webcasts.com/starthere.jsp?ei=1300142&tp_key=baf6220128,Join our investors for an overview of China's dynamic private markets and drill-down into the local opportunity sets.
Optimizing private markets portfolios,"Mar 5, 2021 | By BlackRock",https://www.blackrock.com/institutions/en-us/insights/investment-actions/better-private-market-portfolios,"Investors with larger, more diverse allocations to private assets need greater precision in portfolio construction. Data science techniques can help."
LDI in a rising rate environment,"Feb 26, 2021 | By BlackRock",https://www.blackrock.com/institutions/en-us/insights/investment-actions/ldi-rising-rate-environment,"How have corporate pensions been responding to rising rates, and how should we think about LDI in a rising rate world?"
BlackRock sector outlook 2021: Healthcare,"Feb 19, 2021 | By BlackRock",https://www.blackrock.com/institutions/en-us/insights/investment-actions/healthcare-outlook,The pandemic put the healthcare sector front and center in 2020 and 2021 as development of therapies and vaccines to combat COVID-19 got underway.
A lens on emerging market equities,"Feb 19, 2021",https://www.blackrock.com/institutions/en-us/insights/investment-actions/emerging-market-equities-newsletter,"Emerging market (EM) equities defied early gloom last year and ended with double -digit gains, outperforming developed markets."
Sourcing deals in today's private markets,"Feb 10, 2021",https://www.blackrock.comhttps://event.webcasts.com/starthere.jsp?ei=1300142&tp_key=baf6220128,"Join us for insights into global deal flow and our views on effective sourcing in today’s private credit, private equity and real asset markets"
Private markets 2021: Staying on track in a world of change,"Jan 13, 2021 | By BlackRock",https://www.blackrock.com/institutions/en-us/insights/portfolio-design/private-markets,"An integrated view of private markets has never been more important. Explore highlights from our start-of-the-year webcast, with investors looking at deployment, investment themes and possible surprises in real assets, credit and private equity."
Real assets in the year ahead,"Jan 13, 2021 | By BlackRock",https://www.blackrock.com/institutions/en-us/insights/investment-actions/global-real-assets-outlook,Read our 2021 Global Real Assets Outlook for insights into how real estate and infrastructure investors can pursue their goals amid deep structural changes and an uneven global recovery.
What we expect in credit markets,"Jan 13, 2021 | By BlackRock",https://www.blackrock.com/institutions/en-us/insights/investment-actions/global-credit-outlook,"Credit markets are seeing greater demand in a low yield world. In our 2021 Global Credit Outlook, we offer investors three themes to steer by as they navigate public and private credit markets in the year ahead."
Private markets 2021 webcast,"Jan 6, 2021 | By BlackRock",https://www.blackrock.comhttps://event.webcasts.com/starthere.jsp?ei=1415242&tp_key=bfeb707e54,"Join us for our views on how 2021 may unfold across the private markets spectrum, with insights on opportunities in real assets, credit and private equity."
ESG moves centre stage in private debt,"Dec 21, 2020 | By BlackRock",https://www.blackrock.com/institutions/en-us/insights/investment-actions/private-debt-esg,"Private debt strategies can work with borrowers on ESG issues. Sonia Richer, Head of Research for European Middle Market Private Debt, explains how."
Emerging markets in the spotlight,"Dec 16, 2020 | By BlackRock",https://www.blackrock.com/institutions/en-us/insights/investment-actions/emerging-markets-in-spotlight,BlackRock’s leading emerging market investors explain why they are bullish on EM in 2021 and where they see the best opportunities in equity and debt.
A different kind of distressed-credit cycle,"Nov 16, 2020 | By BlackRock",https://www.blackrock.com/institutions/en-us/insights/investment-actions/distressed-credit-cycle,The pandemic is likely to drive a significant wave of restructuring that calls for a broader range of solutions than seen in prior cycles.
2020: A Year of BifurKation,"Nov 15, 2020 | By BlackRock",https://www.blackrock.com/institutions/en-us/insights/market-pulse/2020-year-of-bifurkation,An increasing body of evidence suggests the economic recovery from the Covid-19 pandemic is K-shaped – implying a distinct bifurcation of outcomes.
New perspectives on macro investing,"Oct 15, 2020 | By BlackRock",https://www.blackrock.com/institutions/en-us/insights/investment-actions/evolving-approach-to-macro-investing,"BlackRock’s systematic team explains how using big data and machine learning can produce differentiated macro insights, and why these insights are especially relevant in the current climate."
The evolution of private equity,"Oct 23, 2020",https://www.blackrock.com/institutions/en-us/insights/investment-actions/private-equity-evolution,We explore the historical evolution and outperformance of private equity over the last four decades and the outlook for the next decade.
Fixed income style factors,"Oct 15, 2020 | By BlackRock",https://www.blackrock.com/institutions/en-us/insights/portfolio-design/fixed-income-style-factors,The fundamental investment concepts underlying style factor investing can be applied in fixed income.
Global Credit Forum,"Sep 30, 2020",https://www.blackrock.com/institutions/en-us/strategies/credit/global-credit-forum,"Explore the on-demand content from our virtual Global Credit Forum in September 2020, where BlackRock leaders were joined by industry experts."
New perspectives on macro investing,"Sep 11, 2020",https://www.blackrock.com/institutions/en-us/insights/investment-actions/evolving-approach-to-macro-investing,"In today’s fast-changing market, a proper understanding of the macroeconomic environment is essential to investing."
GTAA: An overlooked driver of performance,"Aug 31, 2020",https://www.blackrock.com/institutions/en-us/insights/investment-actions/gtaa-a-driver-of-performance,We explore the uncorrelated return profile and application of alternative data in our GTAA investment framework.
Navigating the beta gap,"Aug 31, 2020",https://www.blackrock.com/institutions/en-us/insights/investment-actions/navigating-beta-gap,Learn how multi-asset strategies deliver investment outcomes with more precision.
"Low risk, low inflation, low growth","Jul 31, 2020",https://www.blackrock.com/institutions/en-us/insights/investment-actions/risk-parity-for-languid-times,"Risk parity is well-positioned for a low rate, low inflation and low-growth environment."
Sustainable investing: active equities,"Jul 30, 2020",https://www.blackrock.com/institutions/en-us/insights/investment-actions/sustainable-investing-beyond-compliance,Sustainable investing is going mainstream. The Systematic Active Equity team discusses the need to dig beyond headline numbers.
Technology: Our new virtual reality,"Jul 22, 2020",https://www.blackrock.com/institutions/en-us/insights/blackrock-future-forum/technology-new-virtual-reality,"A discussion on trends that are reshaping the tech industry, where we see opportunities today, and what breakthrough technologies may shape our future."
The renewable revolution,"Jul 22, 2020",https://www.blackrock.com/institutions/en-us/insights/blackrock-future-forum/renewable-revolution,A look at how the world will power its energy needs in the future and where structural transformation is leading to investment opportunities.
Investing for income,"Jul 22, 2020",https://www.blackrock.com/institutions/en-us/insights/blackrock-future-forum/investing-for-income,We examine multiple opportunities to generate much-needed income in a world where benchmark interest rates are pegged near zero for the foreseeable future.
Healthcare in the age of the coronavirus,"Jul 21, 2020",https://www.blackrock.com/institutions/en-us/insights/blackrock-future-forum/healthcare-during-coronavirus,"Healthcare leaders explore how the efforts to combat the coronavirus are progressing, how technology is impacting the industry, and the future of healthcare."
Assessing opportunities across private markets,"Jul 21, 2020",https://www.blackrock.com/institutions/en-us/insights/blackrock-future-forum/private-market-opportunities,Our panelists share insights on how they are positioning private markets portfolios for both near-term opportunities and long-term resilience.
Fortifying portfolios for the next crisis,"Jul 21, 2020",https://www.blackrock.com/institutions/en-us/insights/blackrock-future-forum/fortifying-portfolios,The current crisis tested both portfolio construction and market liquidity. We examine the lessons learned and share insights on preparing for more volatility.
Winds of change: How to invest in renewables today,"Jul 21, 2020",https://www.blackrock.com/institutions/en-us/insights/investment-actions/renewable-winds-of-change,We explore how to invest in renewables today as well as the role of this asset class in a total portfolio.
A credit cycle like no other,"Jul 20, 2020",https://www.blackrock.com/institutions/en-us/insights/financial-markets/global-midyear-credit-outlook,"In a credit market transformed by Covid-19 and record stimulus, we explore investment opportunities amid significant sector dispersion and a likely wave of distress."
Lessons from COVID-19: U.S. BBB bonds and fallen angels,"Jul 17, 2020",https://www.blackrock.com/institutions/en-us/literature/whitepaper/viewpoint-lessons-from-covid-19-etfs-as-a-source-of-stability-july-2020.pdf,We provide an update to our August 2019 spotlight on US BBB Bonds in light of the first broad credit downgrade cycle resulting from COVID-19 and lower oil prices.
Lessons from COVID-19: Fixed income index rebalancing,"Jul 17, 2020",https://www.blackrock.com/institutions/en-us/literature/whitepaper/policy-spotlight-lessons-from-covid-19-fixed-income-index-rebalancing-july-2020.pdf,"We discuss how decisions to delay fixed income index rebalancing during March 2020 helped to preserve market liquidity, prevent unnecessarily large transaction costs for end-investors, and more."
Lessons from COVID-19: European BBB bonds and fallen angels,"Jul 17, 2020",https://www.blackrock.com/institutions/en-us/literature/whitepaper/policy-spotlight-lessons-from-covid-19-european-bbb-bonds-and-fallen-angels-july-2020.pdf,"In this Policy Spotlight, we provide an update to our August 2019 spotlight on US BBB Bonds in light of the first broad credit downgrade cycle resulting from COVID-19 and lower oil prices."
Lessons from COVID-19: U.S. municipal bond market,"Jul 17, 2020",https://www.blackrock.com/institutions/en-us/literature/whitepaper/viewpoint-lessons-from-covid-19-us-municipal-bond-market-july-2020.pdf,"We explore aspects of the U.S. municipal bond market ecosystem during the COVID-19 Crisis, the Federal response to provide assistance to municipalities, and liquidity risk management of municipal bond funds."
Lessons from COVID-19: ETFs as a source of stability,"Jul 17, 2020",https://www.blackrock.com/institutions/en-us/literature/whitepaper/viewpoint-lessons-from-covid-19-etfs-as-a-source-of-stability-july-2020.pdf,We explore how ETFs were a source of stability during the first part of 2020 amidst unprecedented market volatility by providing price transparency and liquidity.
Private perspectives on healthcare opportunities,"Jul 10, 2020",https://www.blackrock.com/institutions/en-us/insights/market-pulse/private-perspectives-on-healthcare-opportunities,"COVID is driving big changes in global healthcare, creating both winners and losers. In this setting, private debt and equity can be effective ways to invest."
Credit downgrades and fallen angels,"Jul 1, 2020",https://www.blackrock.com/institutions/en-us/insights/investment-actions/credit-downgrades,We explore the current credit downgrade landscape and look at two different ways to navigate credit markets given this new environment.
Private equity secondaries: Four things to know now,"Jul 30, 2020",https://www.blackrock.com/institutions/en-us/insights/market-pulse/private-equity-secondary-considerations,"As periods of market stress roll on, opportunities to buy secondary interests in private funds may grow. Here are the deals and discounts our team is seeing."
Private market paths in re-emerging Asia,"Jun 16, 2020",https://www.blackrock.comhttps://event.webcasts.com/starthere.jsp?ei=1300142&tp_key=baf6220128,"As the diverse economies of Asia-Pacific emerge from their Covid-19 lockdowns, multiple dynamics are driving markets."
Optimized private equity programs,"Jun 10, 2020",https://www.blackrock.com/institutions/en-us/insights/investment-actions/optimized-private-equity-programs,"We lay out the differences between diversified private equity programs investing in primaries, secondaries and co-investments."
Private capital’s role in post-Covid healthcare,"Jun 2, 2020",https://www.blackrock.comhttps://event.webcasts.com/starthere.jsp?ei=1300142&tp_key=baf6220128,"The Covid-19 crisis is significantly impacting the healthcare industry, intensifying the focus of private market investors."
Accelerating sustainability in alternatives,"May 28, 2020",https://www.blackrock.com/institutions/en-us/insights/market-pulse/accelerating-sustainability-in-alternatives,Sustainability factors are even more important in long-term private investments—a point that COVID is underlining.
Re-assessing private markets portfolios,"May 28, 2020",https://www.blackrock.comhttps://event.webcasts.com/starthere.jsp?ei=1319874&tp_key=2fb30ab5ef,"Our investors share their latest thoughts on liquidity, rebalancing, and where we see opportunities in private markets."
Direct lending's next chapter,"May 28, 2020",https://www.blackrock.com/institutions/en-us/insights/market-pulse/direct-lending-next-chapter,"Markets have shifted, but there’s still a cohort of resilient, middle-market companies that need private capital."
The evolving picture in private equity,"May 20, 2020",https://www.blackrock.comhttps://event.webcasts.com/starthere.jsp?ei=1300142&tp_key=baf6220128&cid=emc:AlternativesUpdateInviteReplay052020,"The initial shock of the pandemic brought upon questions about valuations, capital calls, liquidity needs and secondaries."
Accelerating sustainability,"May 13, 2020",https://www.blackrock.comhttps://event.webcasts.com/starthere.jsp?ei=1300142&tp_key=baf6220128&cid=emc:ME:Acceleratingsustainability,Join our experts for a discussion of why ESG is likely to matter more than ever as the COVID crisis eases.
Today’s alternatives landscape,"May 13, 2020",https://www.blackrock.com/institutions/en-us/insights/market-pulse/alternatives-portfolio-construction,"Private markets shifted significantly amid the COVID shock, underscoring the value of thoughtful, risk-managed portfolio design."
Rethinking risk and rebalancing portfolios,"May 11, 2020",https://www.blackrock.com/institutions/en-us/insights/market-pulse/risk-and-portfolio-rebalancing,We examine approaches to assessing total portfolio risk and discuss opportunities for clients that are rebalancing.
The dynamic opportunity set in credit,"May 7, 2020",https://www.blackrock.comhttps://event.webcasts.com/starthere.jsp?ei=1300142&tp_key=baf6220128&cid=emc:ME:Thedynamicopportunitysetincredit,BlackRock’s credit sector experts as they discuss what they’re seeing across public and private markets
Renewables are proving resilient,"May 6, 2020",https://www.blackrock.com/institutions/en-us/insights/market-pulse/renewable-power-market-resilience,How well-structured deals and the ongoing global energy transition can benefit wind and solar investments in the current downturn.
Assessing portfolio risk and optimizing rebalancing strategies,"Apr 30, 2020",https://www.blackrock.comhttps://event.webcasts.com/starthere.jsp?ei=1304731&tp_key=94cca6ffc7&sti=web,"We discuss approaches to assessing risk across the total portfolio, including public and private markets."
What’s ahead in APAC real estate?,"Apr 29, 2020",https://www.blackrock.com/institutions/en-us/insights/market-pulse/whats-ahead-apac-real-estate,BlackRock’s Head of APAC real estate discusses Asia’s property markets in the wake of COVID-19.
Comparing private market opportunity,"Apr 29, 2020",https://www.blackrock.comhttps://event.webcasts.com/starthere.jsp?ei=1300142&tp_key=baf6220128,Join us as we discuss private markets and the implications for outcome-based portfolio construction.
Multi-asset perspectives on the crisis,"Apr 24, 2020",https://www.blackrock.com/institutions/en-us/insights/market-pulse/multi-asset-market-review,"Our investors share their views on macro themes in today’s markets, portfolio positioning and traditional assumptions."
Inspecting infrastructure,"Apr 23, 2020",https://www.blackrock.comhttps://event.webcasts.com/starthere.jsp?elq_mid=43663&elq_cid=278108&elq_cmp=13953&ei=1300142,Join us as we discuss the pandemic and its economic fallout impacting global infrastructure markets.
Capitalizing on equity market dislocation,"Apr 16, 2020",https://www.blackrock.comhttps://event.webcasts.com/starthere.jsp?ei=1300440&tp_key=38d8eacd4f&sti=web,"During this call, our investors will discuss how market dislocation is creating both short- and long-term opportunities in equities."
Why private equity secondaries may soon pick up,"Apr 15, 2020",https://www.blackrock.com/institutions/en-us/insights/market-pulse/private-equity-secondary-opportunities,Why we’re likely to see a significant increase in private equity secondary market transactions in the months ahead.
BlackRock raises US$5.1B for GEPIF III,"Apr 15, 2020",https://www.blackrock.com/institutions/en-us/strategies/alternatives/real-assets/infrastructure/global-energy-power-infrastructure-fund,Infrastructure fund close marks the largest alternative asset fundraise in BlackRock history.
Windows on real estate,"Apr 15, 2020",https://www.blackrock.comhttps://event.webcasts.com/starthere.jsp?elq_mid=43463&elq_cid=2852230&elq_cmp=&ei=1300142&tp_key=baf6220128,Join our investors for views across regions and up and down the real-estate capital stack.
Finding long-term value in short-term turmoil,"Apr 9, 2020",https://www.blackrock.com/institutions/en-us/insights/market-pulse/risk-allocation-during-turmoil,How can investors allocate risk and stay focused on the long term while confronting tremendous short-term disruptions?
Opportunities and risks in credit markets,"Apr 9, 2020",https://www.blackrock.comhttps://event.webcasts.com/starthere.jsp?ei=1300436&tp_key=c53723d5b5&sti=web,We discuss opportunities and risks developing in credit markets amid historic volatility and unprecedented monetary policy.
Navigating an uneven road to recovery,"Apr 8, 2020",https://www.blackrock.com/institutions/en-us/insights/market-pulse/covid-market-recovery-strategy,"As the world plots its emergence from coronavirus closures, the pace of recovery and prospective outcomes look diverse."
Hedge funds through the downturn,"Apr 8, 2020",https://www.blackrock.comhttps://event.webcasts.com/starthere.jsp?ei=1299895&tp_key=4a0f340e77,Join us as we discuss how the hedge fund industry faring in today’s volatile markets.
Rebalancing and tactical opportunities,"Apr 2, 2020",https://www.blackrock.comhttps://event.webcasts.com/starthere.jsp?ei=1297533&tp_key=71260a0daa,BlackRock’s insights on the risks that may be hidden in institutional portfolios and thoughts on how to rebalance amid the coronavirus pandemic.
Private equity in a changed landscape,"Apr 1, 2020",https://www.blackrock.comhttps://event.webcasts.com/starthere.jsp?ei=1300142&tp_key=baf6220128,Join BlackRock private equity investors for an update on keeping programs on track and alert to opportunities.
Assessing liquidity and opportunity in fixed income,"Mar 27, 2020",https://www.blackrock.com/institutions/en-us/insights/market-pulse/assessing-fixed-income-liquidity,Rick Rieder offers insights on how fixed income markets are functioning and where he sees opportunity.
Private markets: The view from a CIO’s dashboard,"Mar 25, 2020",https://www.blackrock.com/institutions/en-us/insights/market-pulse/private-markets-cio-views,Our leaders discuss the challenges and opportunities facing private market investors amid current turmoil.
Current dynamics in credit markets,"Mar 25, 2020",https://www.blackrock.comhttps://event.webcasts.com/starthere.jsp?ei=1293933&tp_key=68527c152c,A look at the profound shifts in macroeconomics and geopolitics that have transpired as of late as well as thoughts on the imminent US election.
Private markets in a time of turbulence,"Mar 18, 2020",https://www.blackrock.comhttps://event.webcasts.com/starthere.jsp?ei=1291854&tp_key=903af34c80,Alternative investors share perspectives on how the COVID-19 pandemic is playing out across the private markets.
US IG Credit Outlook Q1 2020,"Feb 27, 2020",https://www.blackrock.com/institutions/en-us/insights/webcasts/credit-webcast-series,"We discuss the start of 2020, evolving investment themes, M&A trends and ESG as an alpha driver."
Private markets 2020,"Feb 21, 2020",https://www.blackrock.com/institutions/en-us/insights/portfolio-design/private-markets,Our guide to private markets offers a timely analysis of 13 distinct asset classes organized by three common outcomes.
Getting precise in private markets,"Feb 20, 2020",https://www.blackrock.com/institutions/en-us/insights/webcasts/getting-precise-in-private-markets,Institutional investors are increasingly looking to private markets to meet their most important objectives.
Global credit outlook,"Jan 29, 2020",https://www.blackrock.com/institutions/en-us/insights/investment-actions/global-credit-outlook,"We expect returns in 2020 to be closer to the average coupon of the market, but with greater underlying dispersion."
Q1 2020: Decoding the markets,"Jan 29, 2020",https://www.blackrock.com/institutions/en-us/insights/webcasts/2020-decoding-the-markets,Leaders of BlackRock’s Systematic Active Equity Platform leverage +10 years investment in big data and machine learning to provide a unique perspective on markets.
Global real assets outlook 2020,"Jan 27, 2020",https://www.blackrock.com/institutions/en-us/insights/investment-actions/global-real-assets-outlook,"BlackRock examines key themes for investors in 2020: a slowing cycle, accelerating change and the relative attractiveness of the asset class."
Q&A: Private debt in transition?,"Jan 20, 2020",https://www.blackrock.com/institutions/en-us/insights/investment-actions/private-debt,We explore what shape the European private debt market will take and the trends to watch in the medium term.
Alternative investments in modern portfolios,"Jan 14, 2020",https://www.blackrock.com/institutions/en-us/insights/portfolio-design/alternatives-in-modern-portfolios,"Over the past 25 years or so, alternatives have evolved from a small part of the portfolios into a core holding."
Bonds as ballast,"Nov 26, 2019",https://www.blackrock.com/institutions/en-us/insights/portfolio-design/testing-the-limits-of-government-bonds,Read about why we think stubbornly low interest rates challenge long-held assumptions about the role government bonds play in strategic asset allocations.
Investing in healthcare stocks,"Jul 20, 2022 | By BlackRock",https://www.blackrock.com/institutions/en-us/insights/investing-in-healthcare-stocks,COVID-19 has dominated healthcare conversations for two years. Equity investor Erin Xie explores the broader landscape and opportunities post-pandemic.
Global Healthcare Outlook 2022,"May 11, 2022 | By BlackRock",https://www.blackrock.com/institutions/en-us/insights/investment-actions/healthcare-outlook,The pandemic put the healthcare sector front and center in 2020 and 2021 as development of therapies and vaccines to combat COVID-19 got underway.
Key investment themes for Healthcare CFOs,"May 11, 2022 | By BlackRock",https://www.blackrock.com/institutions/en-us/insights/investment-actions/investment-themes-for-healthcare-cfos,"As we embark on Healthcare’s next chapter, we share key learnings from the pandemic for CFOs to consider as they navigate the path forward."
Investing in floating rates: Preparing for a rising rate regime,"Mar 25, 2022 | By BlackRock",https://www.blackrock.com/institutions/en-us/insights/investment-actions/floating-rate-instruments-credit,"In this credit insight, we compare the characteristics of different floating rate investments as an alternative to rate sensitive fixed income."
Insurers embrace risk: Exploring BlackRock’s Global Insurance Report,"Feb 4, 2022 | By BlackRock",https://www.blackrock.com/institutions/en-us/insights/international-insurance-society-webcast/insurers-embrace-risk,The International Insurance Society and BlackRock co-hosted a webinar to discuss key themes from BlackRock’s 2021 Global Insurance Report. Explore the recap.
Investment implications of COP26,"Feb 1, 2022 | By BlackRock",https://www.blackrock.com/institutions/en-us/literature/whitepaper/investment-implications-cop26.pdf,"COP26 brought tens of thousands of public officials, corporate leaders, and climate activists to chart a path to limiting global warming. BlackRock experts discussed where they see both investment risks and opportunities coming out of the conference."
Key themes for corporate pensions in 2022,"Feb 1, 2022 | By Martin Jaugietis, CFA",https://www.blackrock.com/institutions/en-us/insights/investment-actions/key-themes-for-corporate-pension-plans,"In our fourth annual corporate pension themes publication, we encourage all U.S. corporate plans to begin thinking beyond fully funded across four dimensions: glidepath design, portfolio construction, implementation, and end-game solutions."
Q4 2021 OIG Digest,"Dec 20, 2021 | By BlackRock",https://www.blackrock.com/institutions/en-us/literature/whitepaper/official-institutions-digest-q4-2021-amrs.pdf,"As 2021 draws to a close, we round up the key trends and themes that have shaped the Official Institutions investing landscape over the course of the year – and highlight some insights on what might be in store for 2022."
Insurance Leaders Symposium 2021: Resilience through innovation,"Dec 1, 2021 | By BlackRock",https://www.blackrock.com/institutions/en-us/insights/insurance-leaders/resilience-through-innovation,"Watch on-demand content from the 2021 Insurance Leaders Symposium, which featured senior BlackRock thought leaders and influential industry voices convening to explore the “new normal” for insurers."
Global Insurance Report 2021: Insurers embrace risk,"Nov 15, 2021 | By BlackRock",https://www.blackrock.com/institutions/en-us/insights/investment-actions/global-insurance-report-2021,"Against the backdrop of an increasing risk appetite, global insurers share their views on growing allocations to non-core assets, their increased focus on sustainability and accelerating advances in technology."
What’s in store for emerging markets?,"Oct 29, 2021 | By BlackRock",https://www.blackrock.com/institutions/en-us/literature/whitepaper/emerging-markets-outlook-amrs.pdf,"Emerging markets have had a challenging year as vaccine rollouts have lagged and economic reopening has been delayed, particular in comparison to developed markets counterparts. This paper explores what is next for EM investors."
How to save America’s retirement dream,"Oct 18, 2021 | By BlackRock",https://www.blackrock.com/institutions/en-us/insights/defined-contribution/how-to-save-americas-retirement-dream,"Zach Buchwald, head of USCA Institutional Business, and Anne Ackerley, head of the Retirement Group, give their insight on the future of America’s retirement in this featured piece, originally published in Newsweek."
"Corporate pensions: Improving funding ratios, but still hard at work","Sep 23, 2021 | By BlackRock",https://www.blackrock.com/institutions/en-us/insights/investment-actions/corporate-pensions-funding-ratios,"In our latest corporate pensions peer study, BlackRock examines dispersions and how plans can align their investment strategy with their end-state objectives."
What is the value of tax management in legacy portfolios?,"Sep 16, 2021 | By BlackRock",https://www.blackrock.com/institutions/en-us/insights/investment-actions/tax-management-legacy-portfolio,"In this featured insight, we highlight research from Aperio which analyzes the tax benefits achieved in legacy portfolios at inception and thereafter."
Higher inflation: turning threat into opportunity,"Aug 4, 2021 | By BlackRock",https://www.blackrock.com/institutions/en-us/literature/whitepaper/higher-inflation-threat-into-opportunity.pdf,"Due to a combination of strong demand as many economies restart post COVID lockdowns and widespread supply bottlenecks, inflation has been surging in many parts of the world. How can we prepare for inflationary outcomes in a whole portfolio context?"
Q2 2021 OIG digest,"Jul 15, 2021 | By BlackRock",https://www.blackrock.com/institutions/en-us/literature/whitepaper/q2-2021-official-institutions-digest.pdf,"As we close out the first half of 2021, investors are becoming increasingly concerned over inflation and the delta variant, while sustainability remains top of mind for global official institutions. Read more about our outlook and key trends."
Is it too late to invest in healthcare and tech?,"Jun 30, 2021 | By BlackRock",https://www.blackrock.com/institutions/en-us/literature/whitepaper/healthcare-and-tech-investing.pdf,"Recent weeks have seen volatility in equity markets, and particularly bumpy performance for tech and healthcare. Is the run-up of these star sectors coming to a halt as the post-pandemic era sets in? We do not think so."
"Public pensions, post pandemic","Jun 28, 2021 | By BlackRock",https://www.blackrock.com/institutions/en-us/insights/investment-actions/public-pensions-post-pandemic,The BlackRock Client Insight Unit analyzed data of more than 85 U.S. public pensions to understand the impact of the pandemic downturn and other extreme market events. Read more in our peer study.
Trickle to main stream - Central banks’ journey into sustainability,"Jun 24, 2021 | By BlackRock",https://www.blackrock.com/institutions/en-us/literature/whitepaper/central-banks-sustainability.pdf,"This paper examines how climate change gradually imposed as a legitimate and essential issue for CBs to consider, provides an overview actual practices across the global central banking community and offers recommendation for CBs at different stages."
Opportunities in credit for public pensions,"Jun 21, 2021 | By BlackRock",https://www.blackrock.com/institutions/en-us/insights/investment-actions/pension-credit-opportunities,"Explore insights into the role of credit for corporate and public pensions in a low yield environment and opportunities for yield, return and diversification."
Opportunities in credit for corporate pensions,"Jun 21, 2021 | By BlackRock",https://www.blackrock.com/institutions/en-us/insights/investment-actions/pension-credit-opportunities,"Explore insights into the role of credit for corporate and public pensions in a low yield environment and opportunities for yield, return and diversification."
Navigating a new era of tax policy 2021,"Jun 18, 2021 | By BlackRock",https://www.blackrock.com/institutions/en-us/insights/investment-actions/navigating-tax-policy,"In this blog, we will discuss how the upcoming changes to US tax policy and tax advantage solutions will impact family offices."
ESG education for endowments and foundations,"Jun 16, 2021 | By BlackRock",https://www.blackrock.com/institutions/en-us/education/esg-endowments-foundations,"Incorporating sustainability can help endowments and foundations identify investment risks, generate excess return and create more resilient portfolios. In this training, we explore opportunities and solutions in ESG investing."
Our outlook on commodities and ESG integration,"May 10, 2021 | By BlackRock",https://www.blackrock.com/institutions/en-us/literature/whitepaper/commodities-renewables-outlook.pdf,Commodity prices benefitted from the global economic restart after the pandemic pause. Going forward we believe ESG will be a core component of the investment process as a risk and opportunity.
A new era of portfolio construction for endowments,"Apr 26, 2021 | By BlackRock",https://www.blackrock.com/institutions/en-us/insights/investment-actions/portfolio-construction-endowments,"BlackRock examines how the endowment model has performed and offers insight on how E&Fs can improve their investing, risk management and portfolio construction."
Q1 2021 OIG digest,"Apr 12, 2021 | By BlackRock",https://www.blackrock.com/institutions/en-us/literature/whitepaper/q1-2021-official-institutions-digest.pdf,"Markets in 2021 have entered the post-pandemic era, with global equities are hovering near all-time highs and market anxiety now driven by rising interest rates. Read more in our first Official Institutions quarterly digest of the year."
Key investment themes for family offices in 2021‌,"Mar 26, 2021 | By BlackRock",https://www.blackrock.com/institutions/en-us/insights/investment-actions/key-themes-for-family-offices,"In this start-of-the-year blog, we discuss investment themes driving markets in 2021, tactical asset allocation ideas and where we see opportunities for family office investors."
The evolution of sustainable investing for family offices,"Mar 26, 2021 | By BlackRock",https://www.blackrock.com/institutions/en-us/insights/investment-actions/sustainable-investing-family-offices,Family offices have moved from learning about sustainable investing to incorporating it. Explore how we're seeing family offices engaging in climate and impact strategies.
Q1 2021 Emerging Markets Outlook,"Mar 5, 2021 | By BlackRock",https://www.blackrock.com/institutions/en-us/literature/whitepaper/official-institutions-q1-2021-emerging-markets.pdf,"The bullish case for emerging markets is not history. For both EM equity and fixed income, 2021 is likely to be a tale of two parts –a strenuous beginning to the year and a potentially brighter finish."
Adding diversified global credit to U.S. public pensions,"Feb 28, 2021 | By BlackRock",https://www.blackrock.com/institutions/en-us/literature/whitepaper/diversified-credit-public-pensions.pdf,Global public credit markets have grown significantly in the last decade. We analyzed the average asset allocation of U.S. public pension plans and the impact of adding credit to portfolios.
Adding diversified global credit to U.S. corporate pensions,"Feb 28, 2021 | By BlackRock",https://www.blackrock.com/institutions/en-us/literature/whitepaper/diversified-credit-corporate-pensions.pdf,Global credit has grown into an asset class that can assist in generating income and dampening volatility. We analyzed the average asset allocation of the largest 100 U.S. corporate pension plans and the impact of adding credit to portfolios.
LDI in a rising rate environment,"Feb 26, 2021 | By BlackRock",https://www.blackrock.com/institutions/en-us/insights/investment-actions/ldi-rising-rate-environment,"How have corporate pensions been responding to rising rates, and how should we think about LDI in a rising rate world?"
Real Assets in Reserve Portfolios,"Feb 26, 2021",https://www.blackrock.com/institutions/en-us/literature/whitepaper/real-assets-central-bank-reserve-portfolios.pdf,"As bond yields are expected to remain low, investors with gov't bond denominated portfolios are considering expanding their investment universe. We explore in this piece the role that commodities could play in portfolio construction."
Is sustained higher inflation on the cards?,"Jan 26, 2021 | By BlackRock",https://www.blackrock.com/institutions/en-us/literature/whitepaper/sustained-higher-inflation.pdf,"The prospect of sustained higher inflation is at the heart of market debates in 2021. Read more about what our experts think is to come, and how it is impacting portfolio positioning."
Global family office survey,"Dec 29, 2020 | By BlackRock",https://www.blackrock.com/institutions/en-us/insights/investment-actions/global-family-office-survey,"The BlackRock global family office survey combines data about the experiences and plans of 185 family offices across the globe, featuring insights around market outlook, asset allocation and sustainable investing."
OIG Q4 digest,"Dec 21, 2020 | By BlackRock",https://www.blackrock.com/institutions/en-us/literature/whitepaper/q4-news-amers.pdf,"As one of the most challenging years on record comes to a close, we've rounded up the key trends and themes currently shaping the Official Institutions investing landscape - as well as highlighting some of our insights on what we think 2021 holds."
An endowment’s perspective on the outsourced CIO model,"Dec 14, 2020 | By BlackRock",https://www.blackrock.com/institutions/en-us/insights/investment-actions/endowments-ocio-overview,"Jeff Mindlin, CIO of ASU Enterprise Partners, sat down with Mark McCombe, BlackRock’s Chief Client Officer, to discuss how endowments can build a successful OCIO partnership."
Integrating sustainability into capital market assumptions,"Dec 10, 2020",https://www.blackrock.comhttps://event.webcasts.com/starthere.jsp?ei=1410662&tp_key=9941279477,"Ahead of BlackRock’s forthcoming launch of new CMAs that will integrate sustainability for the first time, we gathered BlackRock thought leaders to discuss the framework and importance of incorporating ESG considerations into portfolio construction."
Public pensions in the 2020s: Planning for a different decade ahead,"Nov 15, 2020 | By BlackRock",https://www.blackrock.com/institutions/en-us/insights/investment-actions/public-pensions-in-2020s,BlackRock analyzed fund-level data for nearly 70 public pensions to gauge how likely they are to meet their return assumptions over the next decade.
Family Office Virtual Summit: Collective Intelligence,"Oct 29, 2020 | By BlackRock",https://www.blackrock.com/institutions/en-us/our-clients/family-offices/virtual-summit-2020,"The BlackRock Family Office Virtual Summit hosted 450 clients from the US, Canada, LatAm and EMEA, providing an agenda oriented around networking and BlackRock’s collective intelligence. For more, visit the event hub."
Global Insurance Report 2020,"Oct 20, 2020",https://www.blackrock.com/institutions/en-us/insights/investment-actions/global-insurance-report-2020,360 senior insurance executives across the globe share their insights into how the pandemic is fundamentally reshaping the industry and their investment approach in BlackRock's ninth annual global insurance survey.
OIG Q3 digest,"Oct 3, 2020 | By BlackRock",https://www.blackrock.com/institutions/en-us/literature/newsletters/official-institutions-digest-q3-2020-amrs.pdf,"Entering the final stretch of a challenging year for investors, we review OI key themes and trends, and discuss what's to come next."
Impact of recent market volatility on corporate pensions,"May 5, 2020",https://www.blackrock.com/institutions/en-us/insights/market-pulse/volatility-hits-corporate-pensions,"We examine the impact of recent volatility on the funded status, asset allocations and active risk of U.S. corporate pensions."
Key themes for corporate plans after Q1 volatility,"May 1, 2020",https://www.blackrock.com/institutions/en-us/insights/investment-actions/key-themes-for-corporate-pension-plans,BlackRock has updated its 2020 investment themes for corporate pension plans given the sharp declines in equity markets and risk assets around the world.
Impact of recent market volatility on public pensions,"Apr 3, 2020",https://www.blackrock.com/institutions/en-us/insights/market-pulse/volatility-hits-public-pensions,We assess how market volatility has impacted funded status and altered asset allocations at U.S. public pension plans.
A guide to DC loans during turmoil,"Mar 23, 2020",https://www.blackrock.com/institutions/en-us/insights/defined-contribution/borrowing-from-retirement-plans,What to tell participants about borrowing from their DC plans during market volatility.
Three actions for plan sponsors,"Mar 12, 2020",https://www.blackrock.com/institutions/en-us/insights/defined-contribution/volatility-in-retirement-plans,Helping participants mitigate market volatility is crucial to protecting their retirement accounts.
Impact of coronavirus on central banks,"Mar 11, 2020",https://www.blackrock.com/institutions/en-us/insights/impact-of-coronavirus-on-central-banks,Q&A with Stanley Fischer on how central banks should react to the coronavirus shock.
How smaller endowments make do,"Feb 6, 2020",https://www.blackrock.com/institutions/en-us/literature/publication/chief-investment-officer-reprint.pdf,OCIO partnerships have the potential to help smaller endowments diversify their investing strategies to better deliver against their outcomes.
Take advantage of the SECURE Act,"Jan 23, 2020",https://www.blackrock.com/institutions/en-us/our-clients/defined-contribution/secure-act-improving-americans-retirement-security,"Barbara Novick, BlackRock’s Vice Chairman and head of the Global Public Policy Group, called the SECURE Act “our greatest opportunity in over a decade to improve retirement security for millions of Americans."
A climate scenario analysis of US insurers’ portfolios,"Dec 5, 2019",https://www.blackrock.com/institutions/en-us/insights/investment-actions/climate-change-analysis-of-us-insurers-portfolios,Here’s how investors can better understand climate risks and adapt investment strategies to manage them.
Raising resilience in strategic portfolios,"Sep 23, 2019",https://www.blackrock.com/institutions/en-us/insights/investment-actions/global-insurance-report-2019/raising-resilience-strategic-portfolios,"In our view, we believe it’s crucial to consider explicitly the uncertainty inherent in return estimates when building resilient portfolios."
Sourcing resilience in fixed income,"Sep 23, 2019",https://www.blackrock.com/institutions/en-us/insights/investment-actions/global-insurance-report-2019/fixed-income-resilience,BlackRock Description: We identify six themes that we believe are critical in helping to build those more resilient portfolios.
Portfolio resilience through sustainability,"Sep 23, 2019",https://www.blackrock.com/institutions/en-us/insights/investment-actions/global-insurance-report-2019/portfolio-resilience-through-sustainability,"We explore how insurers can enhance their resilience to climate change from both a physical and transition risk perspective, with data and scenario analysis as the common thread."
Insurance portfolio construction for alternatives,"Sep 23, 2019",https://www.blackrock.com/institutions/en-us/insights/investment-actions/global-insurance-report-2019/portfolio-construction-for-alternatives,Insurer's complex liability profiles and regulatory and accounting constraints create additional portfolio construction considerations.
Global Insurance Report 2019: Re-engineering portfolio resilience,"Sep 23, 2019",https://www.blackrock.com/institutions/en-us/insights/investment-actions/global-insurance-report-2019,"BlackRock’s eighth annual global insurance survey provides perspectives on markets and portfolio construction from 360 senior insurance executives, plus client interviews and insights from BlackRock’s experts."
Positioning for net zero,"Jul 15, 2022 | By Sustainable investing",https://www.blackrock.com/institutions/en-us/insights/positioning-for-the-net-zero-transition,The transition towards a decarbonized economy is underway. Read our take on how clients can position their portfolios now for that economic transformation.
Addressing climate change in sovereign bond portfolios,"Jan 28, 2022 | By BlackRock",https://www.blackrock.com/institutions/en-us/insights/investment-actions/climate-change-in-sovereign-bonds,Sovereign bonds play an important role in building balanced portfolios. They also provide an opportunity to help transition toward net zero if investors actively seek to reduce carbon emissions within their sovereign bond allocations.
How the Paris Agreement is shaping equity investing,"Nov 16, 2021 | By BlackRock",https://www.blackrock.com/institutions/en-us/insights/investment-actions/equity-investing-paris-agreement,The 2015 Paris Agreement sets a global standard for preventing climate change. Learn how it’s changing the way equity investors uncover alpha today.
How to finance the net-zero transition in emerging markets,"Oct 29, 2021 | By BlackRock Investment Institute",https://www.blackrock.com/institutions/en-us/insights/blackrock-investment-institute/financing-the-net-zero-transition,"Countries have a stake in avoiding mounting climate risk, but emerging markets will play a key role in the net-zero transition. Dive deeper in this featured insight from the BlackRock Investment Institute."
A world in transition,"Oct 21, 2021 | By BlackRock",https://www.blackrock.com/institutions/en-us/insights/blackrock-future-forum/world-in-transition,"We convened today’s top minds - including John Kerry, Ray Dalio and Rick Rieder - to examine a world emerging from crisis and themes shaping the course for policy, global markets and investors. Explore the BlackRock Future Forum on-demand content."
A new world of renewables: Part II,"Oct 20, 2021 | By BlackRock",https://www.blackrock.com/institutions/en-us/insights/investment-actions/new-world-renewables-part-two,"Read part two of ‘A new world of renewables’, which takes a closer look at emerging market trends and opportunities for renewable power investments."
A multi-asset approach to navigating net zero,"Oct 20, 2021 | By BlackRock",https://www.blackrock.com/institutions/en-us/insights/investment-actions/multi-asset-approach-net-zero,"In this featured insight, we focus on the practical implications of moving from climate pledges to practice for multi-asset investors by sharing our preferred framework."
Global Impact Annual Report,"Jul 21, 2021 | By BlackRock",https://www.blackrock.com/institutions/en-us/insights/investment-actions/global-impact-annual-report,Our report captures the reality of the challenges we face amid the ongoing global pandemic as well as the resilient responses that many impact enterprises offer as solutions. Explore more in BlackRock’s inaugural Global Impact Annual Report.
Q2 2021 OIG digest,"Jul 15, 2021 | By BlackRock",https://www.blackrock.com/institutions/en-us/literature/whitepaper/q2-2021-official-institutions-digest.pdf,"As we close out the first half of 2021, investors are becoming increasingly concerned over inflation and the delta variant, while sustainability remains top of mind for global official institutions. Read more about our outlook and key trends."
Integrating the UN SDGs in investments,"Jul 12, 2021 | By BlackRock",https://www.blackrock.com/institutions/en-us/insights/investment-actions/integrating-un-sdgs-in-investments,We explore how the UN SDGs can be viewed through the lens of financial materiality and used for building strategies that invest in the transition towards a more sustainable and equitable world.
Impact investing in public equities,"Jun 28, 2021 | By BlackRock",https://www.blackrock.com/institutions/en-us/insights/investment-actions/impact-investing-in-public-equities,Impact investing in public equities can help accomplish two objectives: generate financial outperformance and provide a differentiated source of alpha. Read more in our report.
Trickle to main stream - Central banks’ journey into sustainability,"Jun 24, 2021 | By BlackRock",https://www.blackrock.com/institutions/en-us/literature/whitepaper/central-banks-sustainability.pdf,"This paper examines how climate change gradually imposed as a legitimate and essential issue for CBs to consider, provides an overview actual practices across the global central banking community and offers recommendation for CBs at different stages."
A new world of renewables: Part I,"May 26, 2021 | By BlackRock",https://www.blackrock.com/institutions/en-us/insights/investment-actions/new-world-renewables,"Read part one of ‘A new world of renewables’, which assesses the context, opportunities and priorities in emerging markets for renewable power investments."
Portfolio approaches to net zero,"May 20, 2021 | By BlackRock",https://www.blackrock.com/institutions/en-us/insights/investment-actions/portfolio-approaches-to-net-zero,"Read an overview of the different approaches available to transition an equity portfolio to net zero alignment, focusing on carbon intensity and risk factors."
Sustainability at the portfolio level,"May 7, 2021 | By BlackRock",https://www.blackrock.com/institutions/en-us/insights/investment-actions/sustainability-at-the-portfolio-level,"We analyze the impact of allocating to sustainable investments on the return, risk and ESG profile at the whole portfolio level."
The tectonic shift to sustainable investing,"Apr 30, 2021 | By BlackRock",https://www.blackrock.com/institutions/en-us/insights/investment-actions/sustainable-investing-shift,Three powerful forces are converging to drive a long-term trend in favor of sustainable assets. Investors positioned for the shift now stand to benefit.
Sustainability: The path to net zero,"Apr 20, 2021 | By BlackRock",https://www.blackrock.com/institutions/en-us/insights/blackrock-future-forum/sustainability-path-to-net-zero,"Explore on-demand content from our BlackRock Future Forum Sustainability special: The path to net zero, where industry leaders weighed in on carbon neutrality and innovation."
Invest with impact,"Apr 14, 2021 | By BlackRock",https://www.blackrock.com/institutions/en-us/insights/investment-actions/invest-with-impact,"Our paper supports impact investing in public equities by reference to additionality through the investor’s contribution, the investee, and the asset class."
Delivering outcomes by accessing ESG,"Apr 14, 2021 | By BlackRock",https://www.blackrock.com/institutions/en-us/insights/investment-actions/delivering-outcomes-by-accessing-esg,"We outline our belief that incorporating ESG insights can improve investment outcome. This can be done through our index, factor, and alpha framework."
The evolution of sustainable investing for family offices,"Mar 26, 2021 | By BlackRock",https://www.blackrock.com/institutions/en-us/insights/investment-actions/sustainable-investing-family-offices,Family offices have moved from learning about sustainable investing to incorporating it. Explore how we're seeing family offices engaging in climate and impact strategies.
Launching climate-aware portfolios,"Feb 25, 2021 | By BlackRock Investment Institute",https://www.blackrock.com/institutions/en-us/insights/blackrock-investment-institute/investing-in-climate-awareness,"We believe climate risk is investment risk. That is why we are incorporating it into our portfolio design, as part of a series of actions BlackRock is taking to prepare for a net-zero world."
Turning risk into opportunity,"Feb 23, 2021 | By BlackRock Investment Institute",https://www.blackrock.com/institutions/en-us/insights/portfolio-design/turning-climate-risk-into-opportunity,Read our in-depth paper exploring how we incorporate climate change into our portfolio design - one step in a series of actions BlackRock is taking to prepare for a net-zero world.
ESG moves centre stage in private debt,"Dec 21, 2020 | By BlackRock",https://www.blackrock.com/institutions/en-us/insights/investment-actions/private-debt-esg,"Private debt strategies can work with borrowers on ESG issues. Sonia Richer, Head of Research for European Middle Market Private Debt, explains how."
Integrating sustainability into capital market assumptions,"Dec 10, 2020",https://www.blackrock.comhttps://event.webcasts.com/starthere.jsp?ei=1410662&tp_key=9941279477,"Ahead of BlackRock’s forthcoming launch of new CMAs that will integrate sustainability for the first time, we gathered BlackRock thought leaders to discuss the framework and importance of incorporating ESG considerations into portfolio construction."
Addressing investment stewardship and the ‘G’ in ESG,"Dec 9, 2020",https://www.blackrock.comhttps://event.webcasts.com/starthere.jsp?ei=1385871&tp_key=9265c8bc3b,"We share perspectives on Investment Stewardship, the G in ESG, and how they can help drive long-term sustainable value for investors."
Sustainability goes mainstream,"Dec 3, 2020 | By BlackRock",https://www.blackrock.com/institutions/en-us/solutions/sustainable-investing/blackrock-sustainability-survey,BlackRock recently surveyed clients around the world to understand the shift towards sustainable assets and how the pandemic may affect it. Our findings were clear: The tectonic shift towards sustainable investing is accelerating.
Helping our clients invest sustainably,"Dec 3, 2020 | By BlackRock",https://www.blackrock.com/institutions/en-us/solutions/sustainable-investing/our-2020-sustainability-actions,Our survey revealed that sustainability considerations are increasingly becoming a central aspect of our clients’ investment approaches. Read our update on our 2020 sustainability progress.
Physical Effects & Economic Risks of Climate Change,"Oct 28, 2020",https://www.blackrock.comhttps://event.webcasts.com/starthere.jsp?ei=1363555&tp_key=59a8bb6388,We discuss the increasing importance of the environmental component of ESG in the era of climate change.
Rethinking the ‘S’ in ESG,"Sep 29, 2020 | By BlackRock",https://www.blackrock.comhttps://event.webcasts.com/starthere.jsp?ei=1408167&tp_key=c714d12727,"BlackRock and CalPERS discuss the increasing importance of ESG and sustainability more broadly, in this time of upheaval."
Sustainable investing: active equities,"Jul 30, 2020",https://www.blackrock.com/institutions/en-us/insights/investment-actions/sustainable-investing-beyond-compliance,Sustainable investing is going mainstream. The Systematic Active Equity team discusses the need to dig beyond headline numbers.
The renewable revolution,"Jul 22, 2020 | By BlackRock",https://www.blackrock.com/institutions/en-us/insights/blackrock-future-forum/renewable-revolution,A look at how the world will power its energy needs in the future and where structural transformation is leading to investment opportunities.
Shining a spotlight on the stakeholder,"Jul 22, 2020 | By BlackRock",https://www.blackrock.com/institutions/en-us/insights/blackrock-future-forum/shining-spotlight-on-stakeholder,"Hear from investors about how they are addressing the rising prominence of issues that impact employees, customers and communities the most with sustainable investing in order to drive change."
Winds of change: How to invest in renewables today,"Jul 21, 2020 | By BlackRock",https://www.blackrock.com/institutions/en-us/insights/investment-actions/renewable-winds-of-change,We explore how to invest in renewables today as well as the role of this asset class in a total portfolio.
Troubled waters,"Jul 21, 2020",https://www.blackrock.com/institutions/en-us/insights/blackrock-investment-institute/troubled-waters,What would the world look like with less water? We explore the often overlooked risk of water stress and its financial implications on portfolios. Take a look.
Sustainable Investing: Why it matters now more than ever,"May 13, 2020 | By BlackRock",https://www.blackrock.comhttps://event.webcasts.com/starthere.jsp?ei=1312127&tp_key=dfa35e2d06&cid=emc:web%20Link%20text:%20Read%20BlackRock’s%20views%20on%20sustainable%20investing.,We examine the investment opportunities that ESG is creating and take a look at the latest trends in impact investing.
Accelerating sustainability in alternatives,"May 28, 2020",https://www.blackrock.com/institutions/en-us/insights/market-pulse/accelerating-sustainability-in-alternatives,Sustainability factors are even more important in long-term private investments—a point that COVID is underlining.
A pivotal moment for sustainable investing,"May 18, 2020",https://www.blackrock.com/institutions/en-us/insights/market-pulse/examining-esg-and-sustainability,How ESG strategies have performed during the pandemic and why they will become increasingly important in the future.
Resilience amid uncertainty,"May 18, 2020 | By Tony DeSpirito",https://www.blackrock.com/institutions/en-us/insights/portfolio-design/sustainability-resilience-research,"Amid historic volatility, investors turned to sustainable strategies, and the strategies demonstrated their resilience."
Helping our clients invest sustainably,"May 11, 2020 | By BlackRock",https://www.blackrock.com/institutions/en-us/solutions/sustainable-investing/sustainability-progress-update,BlackRock discusses its progress since committing to help clients achieve their sustainable investing goals. Learn more.
Renewables are proving resilient,"May 6, 2020 | By BlackRock",https://www.blackrock.com/institutions/en-us/insights/market-pulse/renewable-power-market-resilience,How well-structured deals and the ongoing global energy transition can benefit wind and solar investments in the current downturn.
Securities lending viewed through the sustainability lens,"Apr 28, 2020 | By BlackRock",https://www.blackrock.com/institutions/en-us/literature/publication/securities-lending-viewed-through-the-sustainability-lens.pdf,"In this Spotlight, we explore the intersection of securities lending with short selling and investment stewardship through the lens of sustainable investing."
How a global pandemic could accelerate ESG investing,"Apr 13, 2020 | By BlackRock",https://www.blackrock.com/institutions/en-us/insights/market-pulse/pandemic-acceleration-for-esg,Tony DeSpirito discusses its potential impact on ESG investing and how it may hasten an important trend for active investors.
Sustainability: The tectonic shift transforming investing,"Feb 27, 2019 | By BlackRock",https://www.blackrock.com/institutions/en-us/insights/blackrock-investment-institute/sustainability-in-portfolio-construction,A commonly held view is that a return sacrifice is needed when adopting sustainable investing. We disagree – and in fact believe the opposite is true.
"Europe’s listed companies: their governance, shareholders and votes","Feb 21, 2020 | By BlackRock",https://www.blackrock.com/institutions/en-us/literature/whitepaper/viewpoint-europe-listed-companies-governance-shareholders-votes-cast-february-2020.pdf,"In this ViewPoint, we analyze the ownership of companies in the MSCI Europe index and examined the proxy voting of their 30 largest institutional shareholders."
Towards a common language for sustainable investing *VP,"Jan 14, 2020 | By BlackRock",https://www.blackrock.com/institutions/en-us/literature/whitepaper/viewpoint-towards-a-common-language-for-sustainable-investing-january-2020.pdf,"In this ViewPoint, we review current global regulatory efforts to develop and implement more standardized terminology for sustainable investing, and we outline recommendations to increase clarity around (i) sustainable investment product"
A climate scenario analysis of US insurers’ portfolios,"Oct 12, 2019 | By BlackRock",https://www.blackrock.com/institutions/en-us/literature/whitepaper/to-what-degree.pdf,A climate scenario analysis on US insurers’ portfolios can help investors understand climate risks and adapt investment strategies to manage them.
Sustainability: The bond that endures,"Dec 20, 2019 | By BlackRock",https://www.blackrock.com/institutions/en-us/insights/blackrock-investment-institute/esg-fixed-income,Evidence is building that a focus on sustainability can help investors build more resilient portfolios.
Long-term savings and retirement in the Kingdom of Saudi Arabia,"Jul 7, 2021 | By BlackRock",https://www.blackrock.comhttps://blackrock.com/corporate/literature/whitepaper/spotlight-long-term-savings-and-investment-in-saudi-arabia-english.pdf,"In this Spotlight, we draw on case studies of pension system reform around the world, and examine the demographic transformation informing retirement policy considerations in the Kingdom of Saudi Arabia."
Regulatory developments in Europe: 2021 overview,"Jun 23, 2021 | By BlackRock",https://www.blackrock.comhttps://blackrock.com/corporate/literature/whitepaper/viewpoint-regulatory-developments-in-europe-2021-overview.pdf,"This ViewPoint summarises the key financial services policy developments impacting retail investors, institutional investors, and distributors in Europe."
The endgame: Benchmark reform and transition from LIBORs,"Jun 1, 2021 | By BlackRock",https://www.blackrock.comhttps://blackrock.com/corporate/literature/whitepaper/libor-viewpoint-benchmark-reform-transition-from-ibors.pdf,"This ViewPoint focuses on providing an update on LIBOR transition, information and recommendations on outstanding issues, and what to expect next as we move closer to LIBOR cessation."
By the numbers: New data behind the bond ETF primary process,"May 19, 2021 | By BlackRock",https://www.blackrock.comhttps://blackrock.com/corporate/literature/whitepaper/ishares-by-the-numbers-new-data-behind-the-bond-etf-primary-process.pdf,"Our report features never-before-released data on the characteristics of iShares bond ETF redemption basket data, with insights into the importance of a robust primary market process and the role it plays in maintaining the bond ETF ecosystem."
Liquidity risk management is central to open-ended funds,"Jan 26, 2021 | By BlackRock",https://www.blackrock.comhttps://blackrock.com/corporate/literature/whitepaper/viewpoint-addendum-lessons-from-covid-liquidity-risk-management-is-central-to-open-ended-funds-january-2021.pdf,This ViewPoint explores the lessons from COVID-19 with a focus on liquidity risk management and its centrality to open-ended funds.
Asset managers of scale give voice to investors and economic support,"Dec 31, 2020 | By BlackRock",https://www.blackrock.comhttps://blackrock.com/corporate/literature/whitepaper/viewpoint-asset-managers-of-scale-give-voice-to-investors-and-support-the-economy-december-2020.pdf,"This ViewPoint reviews how large asset managers — those that operate at scale, with a diverse client base and a long term orientation — offer value to investors, businesses, and society."
Authorized Participants,"Dec 17, 2020 | By BlackRock",https://www.blackrock.comhttps://blackrock.com/corporate/literature/whitepaper/policy-spotlight-authorized-participants-december-2020.pdf,This Spotlight examines the role of APs in ETF markets. It specifically examines their role and resilience during the March 2020 market events. APs' breadth and size should alleviate concerns that ETFs rely on too few APs.
Market structure and the interconnectedness of financial markets,"Nov 23, 2020 | By BlackRock",https://www.blackrock.comhttps://www.blackrock.com/corporate/literature/whitepaper/viewpoint-lessons-from-covid-19-market-structure-november-2020.pdf,"In this ‘Lessons from COVID-19’ ViewPoint, we discuss the evolving market ecosystem and examine how market infrastructure contributed to the short lived but intense liquidity crisis of March 2020."
Liquidity risk management is central to open-ended funds,"Nov 5, 2020 | By BlackRock",https://www.blackrock.comhttps://www.blackrock.com/corporate/literature/whitepaper/viewpoint-lessons-from-covid-19-liquidity-risk-management-central-open-ended-funds-november-2020.pdf,"In this “Lessons from COVID-19’ ViewPoint, we examine the effect of stressed markets on open-ended funds and bond funds. We then review the liquidity risk management tools available to asset managers, and how they were deployed during March 2020."
Swing pricing: The effects of investor trading on mutual funds,"Oct 31, 2020 | By BlackRock",https://www.blackrock.comhttps://www.blackrock.com/corporate/literature/whitepaper/swing-pricing-dilution-effects-of-trading-activity-on-mutual-funds-october-2020.pdf,This paper considers processes that provide protection to existing mutual fund investors from the negative ‘dilution impact’ that occurs when a fund invests or disinvests in securities as a result of investor activity.
Lessons from COVID-19: Operational risk and resilience,"Oct 22, 2020 | By BlackRock",https://www.blackrock.comhttps://www.blackrock.com/corporate/literature/whitepaper/viewpoint-lessons-from-covid-19-operational-risk-resilience-october-2020.pdf,"In this ViewPoint, we analyze operational challenges faced by the asset management industry during COVID-19, explore how the industry responded to these challenges, and outline a series of recommendations to further bolster operational resilience."
Overview of financial stability and non-bank financial institutions,"Sep 30, 2020 | By BlackRock",https://www.blackrock.comhttps://www.blackrock.com/corporate/literature/whitepaper/viewpoint-lessons-from-covid-overview-financial-stability-september-2020.pdf,"This ViewPoint summarizes key takeaways from our series of ViewPoints on ""Lessons from COVID-19"", considers the implications of the COVID-19 crisis across capital markets, and outlines policy recommendations."
Lessons from COVID-19: U.S. BBB bonds and fallen angels,"Jul 17, 2020 | By BlackRock",https://www.blackrock.com/institutions/en-us/literature/whitepaper/viewpoint-lessons-from-covid-19-etfs-as-a-source-of-stability-july-2020.pdf,We provide an update to our August 2019 spotlight on US BBB Bonds in light of the first broad credit downgrade cycle resulting from COVID-19 and lower oil prices.
Lessons from COVID-19: Fixed income index rebalancing,"Jul 17, 2020 | By BlackRock",https://www.blackrock.com/institutions/en-us/literature/whitepaper/policy-spotlight-lessons-from-covid-19-fixed-income-index-rebalancing-july-2020.pdf,"We discuss how decisions to delay fixed income index rebalancing during March 2020 helped to preserve market liquidity, prevent unnecessarily large transaction costs for end-investors, and more."
Lessons from COVID-19: The experience of European MMFs,"Jul 17, 2020 | By BlackRock",https://www.blackrock.com/institutions/en-us/literature/whitepaper/viewpoint-lessons-from-covid-19-the-experience-of-european-mmfs-in-short-term-markets-july-2020.pdf,We make a holistic assessment of European short-term markets during the March market turmoil and identify three key components of the short-term market ecosystem.
Lessons from COVID-19: U.S. municipal bond market,"Jul 17, 2020 | By BlackRock",https://www.blackrock.com/institutions/en-us/literature/whitepaper/viewpoint-lessons-from-covid-19-us-municipal-bond-market-july-2020.pdf,"We explore aspects of the U.S. municipal bond market ecosystem during the COVID-19 Crisis, the Federal response to provide assistance to municipalities, and liquidity risk management of municipal bond funds."
Lessons from COVID-19: U.S. short-term money markets,"Jul 17, 2020 | By Blackrock",https://www.blackrock.com/institutions/en-us/literature/whitepaper/viewpoint-lessons-from-covid-19-us-short-term-money-markets-july-2020.pdf,"In this ViewPoint, we make a holistic assessment of U.S. short-term markets during the March market turmoil and identify three key components of the short-term market ecosystem."
Lessons from COVID-19: ETFs as a source of stability,"Jul 17, 2020 | By Blackrock",https://www.blackrock.com/institutions/en-us/literature/whitepaper/viewpoint-lessons-from-covid-19-etfs-as-a-source-of-stability-july-2020.pdf,We explore how ETFs were a source of stability during the first part of 2020 amidst unprecedented market volatility by providing price transparency and liquidity.
A global perspective on market on close activity,"Jul 7, 2020 | By BlackRock",https://www.blackrock.com/institutions/en-us/literature/whitepaper/viewpoint-a-global-perspective-on-market-on-close-activity-july-2020.pdf,"This ViewPoint explores the growth of global market-on-close activity, the key drivers behind this trend, and the benefits that the closing auction provides."
Improving investment outcomes for 403(b) plan participants,"May 7, 2020 | By BlackRock",https://www.blackrock.com/institutions/en-us/literature/whitepaper/viewpoint-improving-investment-outcomes-for-403b-participants-may-2020.pdf,"In this ViewPoint, we highlight a relatively easy step policy makers can take that would expand choice for 403(b) plan sponsors in selecting investment vehicles and could result in cost savings for plan participants."
BlackRock's Guide to LIBOR Transition,"Apr 29, 2020 | By BlackRock",https://www.blackrock.com/institutions/en-us/literature/whitepaper/viewpoint-blk-guide-libor-transition-april-2020.pdf,"This ViewPoint focuses on providing an update on LIBOR transition, information on upcoming milestones, BlackRock’s transition planning, and other information to serve as a reference and guide for clients, industry participants, and stakeholders."
Securities lending viewed through the sustainability lens,"Apr 28, 2020 | By BlackRock",https://www.blackrock.com/institutions/en-us/literature/publication/securities-lending-viewed-through-the-sustainability-lens.pdf,"In this Spotlight, we explore the intersection of securities lending with short selling and investment stewardship through the lens of sustainable investing."
Regulatory developments in Europe: 2020 outlook,"Feb 27, 2020 | By BlackRock",https://www.blackrock.com/institutions/en-us/literature/whitepaper/viewpoint-regulatory-developments-in-europe-2020-outlook.pdf,"This ViewPoint summarises the key financial services policy developments impacting European retail investors, institutional investors, and distributors."
Europe's listed companies,"Feb 21, 2020 | By BlackRock",https://www.blackrock.com/institutions/en-us/literature/whitepaper/viewpoint-europe-listed-companies-governance-shareholders-votes-cast-february-2020.pdf,"In this ViewPoint, we analyze the ownership of companies in the MSCI Europe index and examined the proxy voting of their 30 largest institutional shareholders."
Towards a common language for sustainable investing,"Jan 14, 2020 | By BlackRock",https://www.blackrock.com/institutions/en-us/literature/whitepaper/viewpoint-towards-a-common-language-for-sustainable-investing-january-2020.pdf,"In this ViewPoint, we review current global regulatory efforts to develop and implement more standardized terminology for sustainable investing."
The decade of financial regulatory reform: 2009 to 2019,"Jan 5, 2020 | By BlackRock",https://www.blackrock.com/institutions/en-us/literature/whitepaper/viewpoint-decade-of-financial-regulatory-reform-2009-to-2019.pdf,"In this ViewPoint, we examine financial regulatory reforms over the past decade, with a focus on the asset management sector. In addition, we look ahead and identify several areas that merit additional study from a systemic risk perspective."
